time/iterations,rollout/ep_len_mean,time/time_elapsed,rollout/ep_rew_mean,time/fps,time/total_timesteps,train/policy_gradient_loss,train/explained_variance,train/value_loss,train/n_updates,train/loss,train/learning_rate,train/entropy_loss,train/approx_kl,train/clip_fraction,train/clip_range,eval/mean_reward,eval/std_reward,eval/mean_ep_length
1,38.0377358490566,2,16.247230924528303,754,2048,,,,,,,,,,,,,
2,37.8,6,17.16505695,615,4096,-0.002431817166507244,0.0010985136032104492,25.646734370291234,10,6.327671527862549,5e-05,-1.2430390518158674,0.0019008901,0.02392578125,0.1,,,
3,37.71,10,18.16907296,599,6144,-0.0015382658872113097,0.40448176860809326,22.735446597635747,20,7.500024795532227,5e-05,-1.2375271733850242,0.0007630151,0.00537109375,0.1,,,
4,36.78,13,19.05528354,591,8192,-0.0019279206913779489,0.4594607353210449,18.112266326695682,30,6.437741756439209,5e-05,-1.2565042920410634,0.0013257046,0.027099609375,0.1,,,
,,,,,10000,-0.0019680999663250986,0.49633800983428955,17.87778621315956,40,10.695342063903809,5e-05,-1.2350903179496526,0.0014487174,0.007568359375,0.1,5.300994493561683,8.774179197807822,36.0
5,36.84,18,19.364257540000004,568,10240,,,,,,,,,,,,,
6,38.67,21,18.34008886,569,12288,-0.002018558813870186,0.5148642063140869,17.35735979527235,50,7.630977630615234,5e-05,-1.2400517843663692,0.0009253178,0.006494140625,0.1,,,
7,38.94,24,16.54137305,573,14336,-0.0013670893422386143,0.6309709548950195,9.361629442498089,60,3.4608819484710693,5e-05,-1.2647226095199584,0.0005766598,4.8828125e-05,0.1,,,
8,38.34,28,15.1689184,575,16384,-0.0020976261996111132,0.5872270166873932,12.083310290426017,70,6.309619426727295,5e-05,-1.2303780417889356,0.0010967217,0.00439453125,0.1,,,
9,38.01,31,17.06358768,578,18432,-0.002334468893968733,0.6780222356319427,10.04752762913704,80,3.4037370681762695,5e-05,-1.2358619928359986,0.0013561205,0.017333984375,0.1,,,
,,,,,20000,-0.0022489827635581603,0.7126306295394897,8.63347136154771,90,2.773859739303589,5e-05,-1.249581904709339,0.0007189887,0.011474609375,0.1,7.541696324234595,12.109332668412085,36.6
10,38.19,36,16.684503460000002,567,20480,,,,,,,,,,,,,
11,38.85,39,17.01090134,567,22528,-0.0024412840117292943,0.7440882325172424,5.871954005770386,100,3.2765204906463623,5e-05,-1.236425929889083,0.0015030163,0.015625,0.1,,,
12,37.68,43,17.75064097,569,24576,-0.0031218000360240692,0.7152062356472015,8.016368385776877,110,5.307567119598389,5e-05,-1.2261278688907624,0.0015926858,0.02119140625,0.1,,,
13,37.2,46,16.51796677,568,26624,-0.0018607218451506923,0.7555312365293503,7.472397533617913,120,4.732745170593262,5e-05,-1.2310174457728862,0.0011919312,0.008984375,0.1,,,
14,36.96,50,17.8132743,567,28672,-0.0020009865023894236,0.7982265204191208,5.373663532733917,130,1.9097812175750732,5e-05,-1.2577160958200693,0.0012423327,0.010498046875,0.1,,,
,,,,,30000,-0.0024962791372672654,0.7291767001152039,8.318647523969412,140,1.7889137268066406,5e-05,-1.207204782217741,0.0016505565,0.02392578125,0.1,5.85116759742696,9.921920769064595,42.9
15,36.72,54,18.80554686,561,30720,,,,,,,,,,,,,
16,38.04,58,17.752799550000002,561,32768,-0.0037195104487182107,0.7581599354743958,8.48935914374888,150,4.09806489944458,5e-05,-1.1991706106811761,0.001770702,0.048974609375,0.1,,,
17,39.06,61,17.32430526,561,34816,-0.002916926422767574,0.7970366925001144,5.403596889786423,160,0.7540008425712585,5e-05,-1.2161248590797187,0.0017703148,0.028662109375,0.1,,,
18,38.46,65,18.45985804,562,36864,-0.002562418457819149,0.8315505236387253,4.474037914164365,170,2.5111026763916016,5e-05,-1.2660774923861027,0.0018541433,0.032763671875,0.1,,,
19,38.1,69,17.13529639,561,38912,-0.0030956684742704963,0.8349533975124359,5.253731768205762,180,4.616037845611572,5e-05,-1.2564937483519316,0.001262242,0.018603515625,0.1,,,
,,,,,40000,-0.002427350488869706,0.8285605162382126,4.538484767079353,190,4.579141139984131,5e-05,-1.1960789881646634,0.0018416947,0.022216796875,0.1,5.157498344924786,16.141686702021044,37.8
20,37.2,73,17.02718809,560,40960,,,,,,,,,,,,,
21,36.33,76,17.99461693,561,43008,-0.002936237520043505,0.8357606679201126,4.391834582015872,200,0.6947723031044006,5e-05,-1.191904643177986,0.0013304974,0.013916015625,0.1,,,
22,36.99,80,17.0997193,562,45056,-0.0025770048690901604,0.8224728107452393,5.1623014591634275,210,2.6469459533691406,5e-05,-1.1883967583999038,0.0009551571,0.0078125,0.1,,,
23,37.68,83,17.371338630000004,562,47104,-0.003069666678493377,0.8459692001342773,3.4415336806327104,220,1.1745471954345703,5e-05,-1.1987960238009692,0.0015059174,0.03017578125,0.1,,,
24,37.89,87,18.01861881,563,49152,-0.002854108199608163,0.8676952421665192,3.6804218288511037,230,2.251753091812134,5e-05,-1.1947642412036656,0.0014685907,0.01884765625,0.1,,,
,,,,,50000,-0.0023179648116638417,0.8584353178739548,3.167502550035715,240,1.610903263092041,5e-05,-1.2010831452906132,0.00091150287,0.008056640625,0.1,6.664640226260654,11.749633102201221,35.4
25,38.76,91,18.56551997,561,51200,,,,,,,,,,,,,
26,38.16,94,18.36539749,560,53248,-0.0034834414600481978,0.8760413378477097,3.5923513205721975,250,1.6387766599655151,5e-05,-1.1799656823277473,0.0017341007,0.036328125,0.1,,,
27,36.66,98,17.6446038,560,55296,-0.004120950581727812,0.8642767518758774,3.756069629639387,260,0.8120933175086975,5e-05,-1.1384828221052885,0.0016394556,0.030419921875,0.1,,,
28,36.9,102,17.84991726,561,57344,-0.0035972804114862813,0.8765655606985092,2.9844059040769935,270,0.5652620196342468,5e-05,-1.1773872449994087,0.001524676,0.031396484375,0.1,,,
29,37.26,105,17.36166087,561,59392,-0.003381767812243197,0.8940905332565308,3.138118084706366,280,1.6248466968536377,5e-05,-1.1579330999404192,0.0013468926,0.02529296875,0.1,,,
,,,,,60000,-0.0028741282010742,0.9033376947045326,2.55978117082268,290,0.3121112883090973,5e-05,-1.1714067008346318,0.00096992566,0.016748046875,0.1,5.3054320228981995,17.256231270012112,36.6
30,37.38,109,18.472545859999997,559,61440,,,,,,,,,,,,,
31,39.06,113,18.56765243,558,63488,-0.003527930477139307,0.8785570040345192,2.8303921768441795,300,2.0247786045074463,5e-05,-1.1836705889552832,0.0012453427,0.0193359375,0.1,,,
32,38.91,116,17.762999710000003,560,65536,-0.003612370502014528,0.9173351973295212,2.2799970975145696,310,0.8080491423606873,5e-05,-1.1947507794946433,0.0015912475,0.028955078125,0.1,,,
33,37.74,120,15.654530949999998,561,67584,-0.003485998108953936,0.881817564368248,2.5743680145591497,320,1.2216987609863281,5e-05,-1.2217468060553074,0.0012579805,0.010791015625,0.1,,,
34,38.22,123,17.24014451,563,69632,-0.0033155628756503575,0.8567293435335159,2.8647647771984337,330,0.78614741563797,5e-05,-1.1829500701278448,0.0010685809,0.016748046875,0.1,,,
,,,,,70000,-0.00469513357966207,0.8772349506616592,2.581750039383769,340,0.6211760640144348,5e-05,-1.18119399510324,0.0014561274,0.03779296875,0.1,7.082144349894705,10.24722454893157,39.0
35,37.89,127,17.87486545,560,71680,,,,,,,,,,,,,
36,39.15,131,16.05953441,560,73728,-0.0041159894310112575,0.8777455613017082,2.163612306676805,350,0.7048593163490295,5e-05,-1.2198708802461624,0.0014124716,0.0162109375,0.1,,,
37,39.75,135,16.33437074,559,75776,-0.0034345921343629016,0.8884871751070023,2.9812514817342164,360,1.0202254056930542,5e-05,-1.2112198494374753,0.0011694343,0.014990234375,0.1,,,
38,37.89,138,18.82564065,560,77824,-0.003940322966809617,0.8800574243068695,2.00120657030493,370,0.33356860280036926,5e-05,-1.1999153150245547,0.001310672,0.012109375,0.1,,,
39,38.16,142,19.5844453,561,79872,-0.005597519723232835,0.9040956124663353,2.283451129216701,380,0.4253542125225067,5e-05,-1.2132045231759547,0.0014106876,0.03935546875,0.1,,,
,,,,,80000,-0.005541974578954978,0.917340911924839,2.2492963714525103,390,0.5725550651550293,5e-05,-1.1851572308689355,0.0016498796,0.048046875,0.1,2.5535935165705475,14.860740190375632,38.1
40,38.28,146,18.87832658,559,81920,,,,,,,,,,,,,
41,38.07,149,18.54819543,560,83968,-0.003654385178379016,0.8926555886864662,2.2326752856373786,400,0.517681360244751,5e-05,-1.1721808440983295,0.0011640788,0.021923828125,0.1,,,
42,38.04,153,18.49969644,561,86016,-0.005011202708192286,0.8861850872635841,2.2158610083162786,410,0.41885286569595337,5e-05,-1.1663572000339628,0.0013222786,0.02880859375,0.1,,,
43,38.31,156,19.63758369,561,88064,-0.004429334730957635,0.9196585193276405,1.6696080249734222,420,0.3857596218585968,5e-05,-1.1858609680086374,0.0014573574,0.02890625,0.1,,,
,,,,,90000,-0.0045391455074423,0.918341301381588,1.8531393429264427,430,0.3041189908981323,5e-05,-1.1694854183122516,0.0013990719,0.019482421875,0.1,-7.708273567864863,18.628515765677562,38.1
44,38.07,160,17.65694201,560,90112,,,,,,,,,,,,,
45,37.62,164,16.38418891,560,92160,-0.004698409725097008,0.9122107550501823,1.9897165374830366,440,0.4966701567173004,5e-05,-1.1374827474355698,0.0010438954,0.014111328125,0.1,,,
46,38.22,167,18.510758159999998,561,94208,-0.005236840808720444,0.9043769985437393,1.9375246818177403,450,1.1547857522964478,5e-05,-1.1704152327030897,0.0013034785,0.02919921875,0.1,,,
47,38.46,171,19.22010106,560,96256,-0.005769158026669175,0.935248576104641,1.4365217985585332,460,0.4905818998813629,5e-05,-1.1650420950725675,0.001354441,0.024365234375,0.1,,,
48,37.59,175,18.92288782,560,98304,-0.005008536340028513,0.9207719936966896,1.4236216987483203,470,0.3265743553638458,5e-05,-1.16686836425215,0.0012987648,0.03125,0.1,,,
,,,,,100000,-0.006609123014641227,0.9244425073266029,1.8778803782537579,480,1.103718638420105,5e-05,-1.181480858847499,0.0014743451,0.03486328125,0.1,5.192790521200166,9.123047455408173,38.4
49,37.26,179,19.76265767,559,100352,,,,,,,,,,,,,
50,38.79,182,19.918931830000002,559,102400,-0.004581180888635572,0.9255480542778969,1.8826566589996219,490,0.42560577392578125,5e-05,-1.1584243465214967,0.0013452753,0.021044921875,0.1,,,
51,38.28,459,20.5930141,227,104448,-0.005598043482314097,0.9286162033677101,1.6637571467086674,500,0.30096933245658875,5e-05,-1.18702441342175,0.0014580915,0.040478515625,0.1,,,
52,37.86,462,20.38329518,230,106496,-0.008127332432195544,0.9206647276878357,1.3411924208514392,510,0.29992666840553284,5e-05,-1.1572767419740557,0.002068806,0.08017578125,0.1,,,
53,38.22,465,19.176376930000004,233,108544,-0.007009098552225623,0.9304320886731148,1.5921188390813767,520,0.4774913191795349,5e-05,-1.1772203654050828,0.0019574128,0.0548828125,0.1,,,
,,,,,110000,-0.005311875270854216,0.9157751426100731,1.47347344327718,530,0.3794534206390381,5e-05,-1.1808549800887704,0.0012576196,0.02880859375,0.1,5.650663111810511,8.837715962441697,36.3
54,38.76,469,18.90135138,235,110592,,,,,,,,,,,,,
55,37.83,607,20.355620610000003,185,112640,-0.004829338916169945,0.9163045063614845,1.3587818615138532,540,0.30638325214385986,5e-05,-1.1945812121033668,0.0013790003,0.030810546875,0.1,,,
56,37.11,611,21.259525699999994,187,114688,-0.006017733593762386,0.922635905444622,1.9204008240252732,550,0.5979551672935486,5e-05,-1.1613809686154126,0.0014423372,0.030517578125,0.1,,,
57,39.09,614,19.30295839,189,116736,-0.005826292962592561,0.9332453161478043,1.9056096838787198,560,0.7267303466796875,5e-05,-1.1544946337118744,0.0014187822,0.026025390625,0.1,,,
58,39.21,617,19.18759754,192,118784,-0.006893242512887809,0.9128676801919937,1.3942120334133505,570,0.5483473539352417,5e-05,-1.177300938218832,0.0018216029,0.056787109375,0.1,,,
,,,,,120000,-0.0066921244280820245,0.9466319270431995,1.256545167043805,580,0.37601056694984436,5e-05,-1.177374191582203,0.0014258705,0.042138671875,0.1,12.156339777755525,11.910833955372787,34.5
59,38.1,621,19.874653719999998,194,120832,,,,,,,,,,,,,
60,37.14,625,19.15118457,196,122880,-0.006758836400695145,0.9175140559673309,1.6904909210279584,590,0.33780527114868164,5e-05,-1.1623601036146283,0.0015983664,0.0369140625,0.1,,,
61,37.74,652,19.381727740000002,191,124928,-0.007173963346576784,0.9323274344205856,1.4670121435075998,600,0.3615070581436157,5e-05,-1.1573828116059304,0.0017898411,0.043359375,0.1,,,
62,38.97,656,19.51923544,193,126976,-0.007427110544813331,0.9268781170248985,1.5676944013684988,610,0.5581849813461304,5e-05,-1.1706099580973386,0.0018076919,0.054052734375,0.1,,,
63,38.76,659,18.5802473,195,129024,-0.006743198774347548,0.898445300757885,2.072093414887786,620,0.4372074007987976,5e-05,-1.1940086208283902,0.0014920434,0.04677734375,0.1,,,
,,,,,130000,-0.006333845994231524,0.8942184895277023,1.851760258153081,630,0.49239805340766907,5e-05,-1.1829857267439365,0.0014357957,0.033935546875,0.1,17.47729545171279,9.691019384440237,40.2
64,37.8,663,19.41421067,197,131072,,,,,,,,,,,,,
65,37.29,824,20.93466839,161,133120,-0.00794885659852298,0.9198413863778114,1.5509903168305754,640,0.47668880224227905,5e-05,-1.1565325271338225,0.0014808315,0.0427734375,0.1,,,
66,37.95,828,19.42935013,163,135168,-0.00838338917674264,0.9339921399950981,1.401159675605595,650,0.46883559226989746,5e-05,-1.1823908928781748,0.0018542971,0.057861328125,0.1,,,
67,38.43,831,18.89474163,165,137216,-0.008094010906643235,0.9210363477468491,1.5003108585253357,660,0.43790194392204285,5e-05,-1.1898697294294833,0.0018561878,0.05302734375,0.1,,,
68,38.55,834,20.053834860000002,166,139264,-0.007234635233180598,0.9443522058427334,1.279122639168054,670,0.2458082139492035,5e-05,-1.1618693765252828,0.0014906253,0.043310546875,0.1,,,
,,,,,140000,-0.007599888784170616,0.9448385983705521,1.154410417098552,680,0.32128673791885376,5e-05,-1.1908726397901774,0.0017991032,0.046337890625,0.1,17.83952796244021,5.147377653968213,37.5
69,38.01,1811,20.36473011,78,141312,,,,,,,,,,,,,
70,37.5,1814,20.00458724,78,143360,-0.007492822120548226,0.9214032590389252,1.4046945587731898,690,0.4050605297088623,5e-05,-1.1599635375663637,0.0017672171,0.045458984375,0.1,,,
71,37.68,1818,19.64047347,79,145408,-0.009737865976057946,0.9331069737672806,1.1593953492119908,700,0.24965348839759827,5e-05,-1.158312927559018,0.0023526347,0.080322265625,0.1,,,
72,38.52,1821,20.18332985,80,147456,-0.007897482579573989,0.9424577541649342,1.3682125587947667,710,0.29394790530204773,5e-05,-1.1789696749299765,0.0018060522,0.054541015625,0.1,,,
73,37.59,1824,21.66088163,81,149504,-0.008205985189852072,0.946838516741991,1.313739478494972,720,0.5340030193328857,5e-05,-1.1868945185095072,0.0016049447,0.046142578125,0.1,,,
,,,,,150000,-0.008235640428029,0.9461993426084518,1.2153118193149566,730,0.34695130586624146,5e-05,-1.1586977675557137,0.0017395876,0.04677734375,0.1,16.2799938833629,8.34188757865187,38.4
74,37.47,1829,20.963149029999997,82,151552,,,,,,,,,,,,,
75,37.92,1833,21.16119082,83,153600,-0.008139210588706192,0.9327831119298935,1.3906402482651175,740,0.6126059889793396,5e-05,-1.1399967566132545,0.0018806478,0.0666015625,0.1,,,
76,37.2,1837,21.984950649999995,84,155648,-0.0092758797632996,0.9418077543377876,1.31591562544927,750,0.7057499289512634,5e-05,-1.166335173510015,0.0020558094,0.0607421875,0.1,,,
77,38.31,1840,21.26780617,85,157696,-0.009192357389838434,0.9405788704752922,1.1718013295903802,760,0.15691912174224854,5e-05,-1.1723581053316594,0.0022722424,0.072021484375,0.1,,,
78,37.62,1843,20.143017019999995,86,159744,-0.008238004461600213,0.9355022981762886,1.150821790844202,770,0.23276308178901672,5e-05,-1.187714981287718,0.0020830987,0.062451171875,0.1,,,
,,,,,160000,-0.006426714589179028,0.918440081179142,1.6553537993691863,780,0.25337451696395874,5e-05,-1.1543931115418673,0.0016827913,0.054052734375,0.1,17.340527269090792,12.499760798767166,39.9
79,36.75,1847,21.77801492,87,161792,,,,,,,,,,,,,
80,38.13,1851,20.19221746,88,163840,-0.007086317923676688,0.9368356764316559,1.4359561154618858,790,0.49390092492103577,5e-05,-1.1688438450917602,0.0018972986,0.059423828125,0.1,,,
81,38.55,1854,20.15430535,89,165888,-0.008951671460818034,0.9477769136428833,1.2213431899435818,800,0.3158976137638092,5e-05,-1.1527868807315826,0.0023262776,0.06728515625,0.1,,,
82,36.51,1858,21.951625160000003,90,167936,-0.008640722070413175,0.935556635260582,1.4396984040737153,810,0.2359297126531601,5e-05,-1.1241301402449608,0.0015393384,0.041650390625,0.1,,,
83,37.05,1861,21.343241150000004,91,169984,-0.008271015381615144,0.9284802451729774,1.3930076447315514,820,0.3111104369163513,5e-05,-1.1206014327704907,0.0022561862,0.077685546875,0.1,,,
,,,,,170000,-0.00782857690792298,0.9366921484470367,1.236310577671975,830,0.3312208652496338,5e-05,-1.1147313691675662,0.001937051,0.063134765625,0.1,17.12481932820578,7.224695642243665,37.5
84,37.53,1865,21.466722530000002,92,172032,,,,,,,,,,,,,
85,37.23,1868,22.458803349999997,93,174080,-0.010720960730395745,0.952852375805378,1.04923062492162,840,0.31066709756851196,5e-05,-1.1391856197267771,0.0029279792,0.10751953125,0.1,,,
86,37.35,1872,22.17969451,94,176128,-0.009933721458946821,0.9434790425002575,1.1841683389618993,850,0.20448419451713562,5e-05,-1.1203270433470607,0.002378305,0.084716796875,0.1,,,
87,38.85,1875,18.972390160000003,95,178176,-0.008974061133631039,0.9319488033652306,1.4415656391531229,860,0.3284497559070587,5e-05,-1.1274699361994862,0.0019441079,0.0845703125,0.1,,,
,,,,,180000,-0.008641962130786851,0.9252070635557175,1.1998371127061547,870,0.1765652596950531,5e-05,-1.1513325195759534,0.0021530252,0.0705078125,0.1,21.207324381910524,5.8971048261098105,35.1
88,38.82,1879,20.06879047,95,180224,,,,,,,,,,,,,
89,38.88,1882,21.74381382000001,96,182272,-0.00853757528384449,0.9468583688139915,1.2603753976523877,880,0.3313963711261749,5e-05,-1.0992099206894637,0.0021391762,0.06630859375,0.1,,,
90,38.49,1885,21.537976209999997,97,184320,-0.010493733835755848,0.9534780345857143,0.9790752837434411,890,0.2561921179294586,5e-05,-1.1460591552779078,0.0023592953,0.086376953125,0.1,,,
91,37.53,1889,22.772597609999995,98,186368,-0.009011618176009506,0.9498970024287701,1.0346832452341914,900,0.3186729848384857,5e-05,-1.1199025264009834,0.0022435887,0.0884765625,0.1,,,
92,37.62,1892,22.511698999999993,99,188416,-0.00790461946380674,0.9556230492889881,1.0462916524149477,910,0.5054662823677063,5e-05,-1.1132444316521286,0.0021533086,0.08154296875,0.1,,,
,,,,,190000,-0.007253784440763411,0.941185899078846,1.3714484135620295,920,0.43303340673446655,5e-05,-1.1368793658912182,0.002263151,0.070556640625,0.1,21.651590128237604,2.782738412052232,38.4
93,37.53,1896,23.132743300000005,100,190464,,,,,,,,,,,,,
94,37.8,1900,23.18154353,101,192512,-0.008627953388349851,0.955902524292469,1.0137133599258958,930,0.3147994577884674,5e-05,-1.1106610743328929,0.0021610723,0.075634765625,0.1,,,
95,37.38,1903,22.860640720000003,102,194560,-0.008552311628227472,0.954920120537281,0.8853566837497056,940,0.28671374917030334,5e-05,-1.1143923707306385,0.0022115344,0.0763671875,0.1,,,
96,38.76,1907,22.507795270000003,103,196608,-0.00887512904810137,0.9479912519454956,1.1351046958006918,950,0.2988477051258087,5e-05,-1.1275849485769869,0.0025852446,0.099462890625,0.1,,,
97,38.73,1910,22.986486300000003,103,198656,-0.010991868313431042,0.9535079449415207,0.8335749042220414,960,0.2332884967327118,5e-05,-1.1233341779559851,0.0027426525,0.104443359375,0.1,,,
,,,,,200000,-0.010933934148488334,0.9519319906830788,1.028317972132936,970,0.3730551302433014,5e-05,-1.1050797410309314,0.0027814875,0.09443359375,0.1,26.452608905977705,8.4259960974402,33.3
98,38.28,1915,22.11663229,104,200704,,,,,,,,,,,,,
99,38.22,1918,21.63561213,105,202752,-0.009362791742023546,0.9349353462457657,1.3326232575811445,980,0.3066645860671997,5e-05,-1.1023716267198325,0.00266914,0.091455078125,0.1,,,
100,38.73,1922,21.675871970000003,106,204800,-0.00896475050249137,0.9390549436211586,1.2929695551283658,990,0.2586718797683716,5e-05,-1.1150237379595638,0.0023326087,0.0779296875,0.1,,,
101,37.86,1925,22.536068840000002,107,206848,-0.009873461933602811,0.954860907047987,0.9618678259663284,1000,0.29336056113243103,5e-05,-1.087133584357798,0.0028551845,0.111474609375,0.1,,,
102,36.69,1929,23.960343330000004,108,208896,-0.009322744370729196,0.9564269371330738,1.164109549485147,1010,0.27542269229888916,5e-05,-1.0939149307087064,0.0028138068,0.085498046875,0.1,,,
,,,,,210000,-0.009565755829680712,0.952543456107378,1.113403258752078,1020,0.23867352306842804,5e-05,-1.0954220747575163,0.0029430073,0.119677734375,0.1,25.67670117092471,6.748122435160213,40.5
103,37.44,1933,23.201040660000007,109,210944,,,,,,,,,,,,,
104,38.88,1936,22.959585129999997,109,212992,-0.009998199468827806,0.9506979547441006,0.9830501369200647,1030,0.20501598715782166,5e-05,-1.1040188664570452,0.00285014,0.10009765625,0.1,,,
105,37.8,1940,22.823587309999994,110,215040,-0.008997183705650969,0.9593414142727852,0.8741303809918464,1040,0.12588396668434143,5e-05,-1.089292086660862,0.0023850217,0.09169921875,0.1,,,
106,36.81,1944,23.05505665,111,217088,-0.008820377458323491,0.9502210319042206,1.1211878355592488,1050,0.3472699224948883,5e-05,-1.0867447664961218,0.0025333199,0.080517578125,0.1,,,
107,36.81,1948,22.981168960000005,112,219136,-0.011869239805673715,0.9588276147842407,0.8941073563881219,1060,0.1438332051038742,5e-05,-1.1052306858822702,0.0032035755,0.116357421875,0.1,,,
,,,,,220000,-0.012126156301383162,0.9613256901502609,0.7686565761920064,1070,0.1723211258649826,5e-05,-1.0636494876816869,0.0029095863,0.140673828125,0.1,25.593698303379536,6.639815648283245,39.9
108,37.2,1952,22.742941269999996,113,221184,,,,,,,,,,,,,
109,36.99,1956,23.03973187,114,223232,-0.010516991652548314,0.9468296729028225,1.2611245221458376,1080,0.41569510102272034,5e-05,-1.0892191587015987,0.002519234,0.1001953125,0.1,,,
110,37.65,1959,23.132564639999995,114,225280,-0.007714414270594716,0.9365800842642784,1.2820733357220888,1090,0.18780791759490967,5e-05,-1.0893401017412543,0.002078098,0.06982421875,0.1,,,
111,38.28,1962,22.81070858,115,227328,-0.009982913467683829,0.9537860862910748,0.9987278007902205,1100,0.2448732703924179,5e-05,-1.0674173690378665,0.002429899,0.095947265625,0.1,,,
112,37.92,1966,23.193744739999993,116,229376,-0.009309220486466074,0.9495469890534878,0.9467414597049355,1110,0.27176326513290405,5e-05,-1.0914497546851636,0.0027866259,0.10361328125,0.1,,,
,,,,,230000,-0.01074115004594205,0.9535966441035271,1.0144061881117523,1120,0.32617464661598206,5e-05,-1.0684279309585691,0.0029096124,0.122412109375,0.1,27.026177555012275,7.279439135969916,36.6
113,37.89,1970,22.91824217,117,231424,,,,,,,,,,,,,
114,37.2,1973,23.357833270000004,118,233472,-0.011397190898424014,0.9548229947686195,0.8054337940178812,1130,0.28064101934432983,5e-05,-1.0588560715317725,0.0033608289,0.12177734375,0.1,,,
115,36.9,1976,23.806691660000002,119,235520,-0.011316141475253972,0.9540203623473644,1.0206673808395863,1140,0.21535715460777283,5e-05,-1.0571220202371479,0.0029903287,0.1189453125,0.1,,,
116,37.44,1980,22.36405716,119,237568,-0.010128299652569695,0.9561161659657955,0.9802134096622467,1150,0.21250909566879272,5e-05,-1.0440063012763858,0.0026903832,0.102197265625,0.1,,,
117,38.13,1983,22.420115200000005,120,239616,-0.009979837359242082,0.9510493651032448,0.8979596809484065,1160,0.15167617797851562,5e-05,-1.075466177240014,0.0023982157,0.1150390625,0.1,,,
,,,,,240000,-0.009050341183319687,0.951795969158411,1.2935567979700864,1170,0.39404183626174927,5e-05,-1.0392255138605833,0.002317316,0.087890625,0.1,25.49035447190075,6.353327797545734,42.0
118,37.08,1987,25.019871680000005,121,241664,,,,,,,,,,,,,
119,37.65,1990,24.09008853,122,243712,-0.01177866660291329,0.9500651732087135,1.0629551473073662,1180,0.20608004927635193,5e-05,-1.039837235212326,0.0030612545,0.09853515625,0.1,,,
120,38.37,1993,22.331503079999997,123,245760,-0.012057948156143538,0.9596270993351936,0.9065622908994555,1190,0.1780039519071579,5e-05,-1.0604098657146097,0.0033681025,0.131787109375,0.1,,,
121,37.38,1997,23.70237935,124,247808,-0.011424531973898411,0.9694573264569044,0.6135645636823028,1200,0.2397773414850235,5e-05,-1.0728765966370701,0.0032960274,0.1310546875,0.1,,,
122,36.36,2000,24.397257370000005,124,249856,-0.010587263205525232,0.9706263821572065,0.8421981913037598,1210,0.2596851587295532,5e-05,-1.0259353203698993,0.0032944838,0.12060546875,0.1,,,
,,,,,250000,-0.010303324279084336,0.9533273875713348,0.8960467587225139,1220,0.1710725724697113,5e-05,-1.0291637839749455,0.002902382,0.116259765625,0.1,27.41983314961548,7.723378210316224,37.5
123,37.98,2004,23.349439090000004,125,251904,,,,,,,,,,,,,
124,38.49,2007,23.330820150000008,126,253952,-0.012431934059713967,0.958166066557169,0.8782261596061289,1230,0.18655864894390106,5e-05,-1.059467851370573,0.0034795697,0.135009765625,0.1,,,
125,37.71,2011,23.35949319,127,256000,-0.009758238644280937,0.9641824550926685,0.7306062422692776,1240,0.17088226974010468,5e-05,-1.0440139016136527,0.0033101828,0.12265625,0.1,,,
126,37.98,2014,24.36459402,128,258048,-0.009754598773724865,0.9549695551395416,0.9467352417297661,1250,0.21793033182621002,5e-05,-1.057677336409688,0.0030476237,0.116455078125,0.1,,,
,,,,,260000,-0.011198707405128516,0.9628867581486702,0.8268378890585154,1260,0.2264062911272049,5e-05,-1.042237640172243,0.0032909494,0.131298828125,0.1,25.50092614847047,7.4726230446788025,37.5
127,37.59,2018,24.865561499999995,128,260096,,,,,,,,,,,,,
128,38.55,2021,23.8806115,129,262144,-0.011108180186420213,0.956580176949501,1.031680206488818,1270,0.3775040805339813,5e-05,-1.048745346441865,0.0027467676,0.098095703125,0.1,,,
129,38.34,2024,24.845417479999995,130,264192,-0.012576725870894733,0.9560443721711636,0.7177980083972215,1280,0.2064354568719864,5e-05,-1.0435002211481332,0.003680229,0.135693359375,0.1,,,
130,37.83,2028,24.28802541,131,266240,-0.011378813530609478,0.9669360443949699,0.8469901015982032,1290,0.30444902181625366,5e-05,-1.0303342439234258,0.0029559922,0.12490234375,0.1,,,
131,38.01,2031,22.91598701,132,268288,-0.010098877376003656,0.9520803354680538,1.1031504197977484,1300,0.1925201267004013,5e-05,-0.9845021542161703,0.0023735333,0.097607421875,0.1,,,
,,,,,270000,-0.010345558848348447,0.9489882066845894,1.049355643708259,1310,0.22690953314304352,5e-05,-1.024049461632967,0.0029334058,0.105810546875,0.1,18.1991571406596,11.538002844698577,39.0
132,37.83,2035,23.633899429999996,132,270336,,,,,,,,,,,,,
133,37.53,2038,24.604490900000002,133,272384,-0.010357602889416739,0.9629475809633732,0.9096319903619587,1320,0.38848942518234253,5e-05,-1.0281410735100507,0.0028496464,0.115283203125,0.1,,,
134,38.43,2042,24.24629042,134,274432,-0.012052633393614088,0.9662246778607368,0.8940209137275815,1330,0.19954465329647064,5e-05,-0.9982703728601336,0.0029913243,0.127685546875,0.1,,,
135,38.91,2045,24.117712219999994,135,276480,-0.011332279357156949,0.961371511220932,0.8290584250353277,1340,0.21706391870975494,5e-05,-1.0309940896928311,0.0042916536,0.13076171875,0.1,,,
136,37.41,2048,26.179881250000005,135,278528,-0.010328824995667674,0.9570819512009621,0.8906094971112907,1350,0.21249628067016602,5e-05,-1.0025582034140825,0.003321335,0.12353515625,0.1,,,
,,,,,280000,-0.011595033375488128,0.9732778277248144,0.7818307058885694,1360,0.2274630218744278,5e-05,-0.9946394750848413,0.0034342825,0.133251953125,0.1,22.829024460595413,6.142678391100301,40.2
137,37.86,2052,24.577509670000005,136,280576,,,,,,,,,,,,,
138,38.61,2055,23.22671021,137,282624,-0.011655394989065825,0.9546277783811092,1.116755002271384,1370,0.29646140336990356,5e-05,-1.0244537232443691,0.0034820982,0.119970703125,0.1,,,
139,38.94,2059,24.62543171,138,284672,-0.014035858685383573,0.9621465317904949,0.8123981294222176,1380,0.21270614862442017,5e-05,-1.059536205790937,0.0036802613,0.1701171875,0.1,,,
140,38.67,2062,25.18587147,139,286720,-0.013997087720781565,0.9634879268705845,0.7412410444580019,1390,0.1023658812046051,5e-05,-1.0045502988621593,0.0034622734,0.149853515625,0.1,,,
141,38.55,2066,24.232608019999997,139,288768,-0.010858516883308767,0.9685191251337528,0.7536833254620433,1400,0.13033370673656464,5e-05,-1.0171642508357763,0.0031497236,0.122314453125,0.1,,,
,,,,,290000,-0.0126209898488014,0.9661854431033134,0.6666280269157141,1410,0.17168253660202026,5e-05,-0.994828013703227,0.00414772,0.13837890625,0.1,22.225851379759284,7.5550254304201125,39.3
142,38.04,2069,23.974653609999997,140,290816,,,,,,,,,,,,,
143,38.34,2073,25.386482989999994,141,292864,-0.011493856196466368,0.960453487932682,0.9243078529834747,1420,0.22346076369285583,5e-05,-0.9813397714868188,0.0033461351,0.137109375,0.1,,,
144,38.25,2076,26.24134712,142,294912,-0.011768813875096384,0.9611344337463379,0.9082576794549823,1430,0.16724169254302979,5e-05,-0.9976903162896633,0.0035354493,0.141162109375,0.1,,,
145,38.1,2079,26.5815557,142,296960,-0.01111582626326708,0.9678543321788311,0.7547710088547319,1440,0.10494096577167511,5e-05,-0.9718103235587477,0.0042278627,0.1384765625,0.1,,,
146,38.61,2083,25.68045674,143,299008,-0.014212324293839628,0.965440183877945,0.6993326498195529,1450,0.2622661590576172,5e-05,-0.9853435376659035,0.0036376172,0.1525390625,0.1,,,
,,,,,300000,-0.012745683247339911,0.9727242756634951,0.5578738774638623,1460,0.14300307631492615,5e-05,-1.0107149140909315,0.004463388,0.1712890625,0.1,27.958538525883558,7.433897430734581,39.9
147,39.09,2087,25.635637940000002,144,301056,,,,,,,,,,,,,
148,37.44,2090,25.76865795,144,303104,-0.01194399522501044,0.9674793630838394,0.7253076870460063,1470,0.14061535894870758,5e-05,-0.9999365413561463,0.0046609202,0.1568359375,0.1,,,
149,37.44,2093,25.253925810000002,145,305152,-0.012471240763261449,0.9707062542438507,0.6603465961758047,1480,0.1879350244998932,5e-05,-0.9709689307957887,0.0035575815,0.141845703125,0.1,,,
150,38.16,2097,25.417388900000002,146,307200,-0.012274481334316079,0.9651304334402084,0.7226514486130327,1490,0.15533414483070374,5e-05,-0.9906249940395355,0.0036539054,0.12666015625,0.1,,,
151,38.67,2100,25.306517709999998,147,309248,-0.011410290823550894,0.968294307589531,0.7948869718238711,1500,0.2002502977848053,5e-05,-0.9578203696757555,0.0028565149,0.11259765625,0.1,,,
,,,,,310000,-0.01217286698447424,0.9635106883943081,0.7034971543587745,1510,0.18715690076351166,5e-05,-0.965980976074934,0.0040099523,0.15283203125,0.1,27.937186801202294,5.110529437710263,41.1
152,38.07,2104,24.450281359999998,147,311296,,,,,,,,,,,,,
153,37.47,2107,24.89893872,148,313344,-0.011314897186093732,0.9600260742008686,0.8289616322144866,1520,0.2692522406578064,5e-05,-0.968963835760951,0.0031915791,0.121923828125,0.1,,,
154,37.71,2111,26.17087825,149,315392,-0.010370262525975704,0.9607475847005844,1.0456224379129708,1530,0.27720877528190613,5e-05,-0.9615704167634249,0.004012539,0.147265625,0.1,,,
155,37.74,2114,27.073891890000006,150,317440,-0.011008275917265564,0.9713729154318571,0.7893248963169753,1540,0.23162004351615906,5e-05,-0.9821601608768106,0.0036576735,0.140771484375,0.1,,,
156,37.98,2117,25.652214389999997,150,319488,-0.012977888983732555,0.9693414177745581,0.6901280262041837,1550,0.249257892370224,5e-05,-0.9828173834830523,0.004621702,0.15810546875,0.1,,,
,,,,,320000,-0.014182850554061589,0.9684654958546162,0.6814116357360035,1560,0.210426926612854,5e-05,-0.9656383251771331,0.004201391,0.15673828125,0.1,30.2135549703655,6.438356965726797,38.1
157,38.85,2121,25.2296443,151,321536,,,,,,,,,,,,,
158,38.64,2125,25.692962020000003,152,323584,-0.011649398887675489,0.9616546928882599,0.8161799274850636,1570,0.17929071187973022,5e-05,-0.999637602455914,0.0035203584,0.138916015625,0.1,,,
159,38.28,2128,26.029431939999995,152,325632,-0.012660866216174326,0.9736897964030504,0.571371839242056,1580,0.13925087451934814,5e-05,-0.9702949829399585,0.0043241875,0.1748046875,0.1,,,
160,37.29,2131,27.27555893,153,327680,-0.01208787278883392,0.9743918925523758,0.623056022124365,1590,0.13647544384002686,5e-05,-0.9367973873391747,0.0035853474,0.131103515625,0.1,,,
161,37.68,2135,27.145387160000006,154,329728,-0.011374122181587154,0.9727624710649252,0.6540275172796101,1600,0.08369499444961548,5e-05,-0.9491273019462824,0.0032026763,0.147802734375,0.1,,,
,,,,,330000,-0.010476722830208018,0.9617897868156433,0.8332674255594611,1610,0.33610719442367554,5e-05,-0.9700864223763347,0.0029468471,0.1267578125,0.1,25.718405926720095,8.049978149613745,38.1
162,38.31,2138,26.278942669999996,155,331776,,,,,,,,,,,,,
163,38.55,2142,26.617888199999996,155,333824,-0.011320799913664813,0.9668366983532906,0.858231964474544,1620,0.1597898006439209,5e-05,-0.9614522716030478,0.0029602724,0.13466796875,0.1,,,
164,37.89,2145,26.523349709999998,156,335872,-0.011861460862564854,0.9735596626996994,0.619323584670201,1630,0.25853949785232544,5e-05,-0.9626484710723162,0.0044447067,0.1435546875,0.1,,,
165,37.71,2149,26.06252972,157,337920,-0.011587744083226426,0.9757801499217749,0.6082228107843548,1640,0.1365952491760254,5e-05,-0.9543707305565476,0.004047746,0.180078125,0.1,,,
166,37.53,2152,25.44356088,157,339968,-0.010228712155367248,0.9631097912788391,0.8951822862029075,1650,0.2253287136554718,5e-05,-0.9421774186193943,0.0035454934,0.122802734375,0.1,,,
,,,,,340000,-0.013174118823371828,0.9710050821304321,0.8034188212826848,1660,0.26819074153900146,5e-05,-0.9205703837797046,0.0037634326,0.159619140625,0.1,27.63634454224773,6.938674523386554,39.3
167,38.76,2156,25.408734320000004,158,342016,,,,,,,,,,,,,
168,38.88,2159,25.16217948,159,344064,-0.012874249183369102,0.9673299863934517,0.7435876748058945,1670,0.40170222520828247,5e-05,-0.9414923040196299,0.0045619034,0.152734375,0.1,,,
169,38.19,2163,25.78102304,159,346112,-0.011886597119882936,0.9575361013412476,0.8018194661475718,1680,0.10944664478302002,5e-05,-0.9402968794107437,0.0039635347,0.14306640625,0.1,,,
170,38.07,2166,27.672212449999996,160,348160,-0.01351792498753639,0.9691109731793404,0.6939154743682593,1690,0.09305363893508911,5e-05,-0.976074487157166,0.0043514455,0.158154296875,0.1,,,
,,,,,350000,-0.012511645740596577,0.9768903162330389,0.6229772522114218,1700,0.14567886292934418,5e-05,-0.9323670487850905,0.0045809913,0.166064453125,0.1,25.35742582156293,6.156927628771562,40.8
171,38.19,2170,27.333050759999995,161,350208,,,,,,,,,,,,,
172,38.43,2173,27.53351047,162,352256,-0.013632348331157118,0.970290582627058,0.6025084647815675,1710,0.12330900132656097,5e-05,-0.9623886179178953,0.004766984,0.17890625,0.1,,,
173,37.65,2177,27.79578312,162,354304,-0.011641518886608537,0.9808640461415052,0.5932024606503546,1720,0.0698506236076355,5e-05,-0.9407172409817577,0.00326417,0.146533203125,0.1,,,
174,37.32,2180,26.552643979999992,163,356352,-0.013347079601953738,0.9721981324255466,0.5426565404050052,1730,0.11018118262290955,5e-05,-0.8981537561863661,0.004185198,0.162158203125,0.1,,,
175,38.28,2183,26.760610270000008,164,358400,-0.012054055448970757,0.9743563644587994,0.529511372372508,1740,0.09386812150478363,5e-05,-0.9227156786248087,0.005217175,0.17158203125,0.1,,,
,,,,,360000,-0.012976647890172898,0.9818876665085554,0.466913084173575,1750,0.14172059297561646,5e-05,-0.930356327071786,0.0042874655,0.16240234375,0.1,25.783412643894742,5.958527835688941,41.4
176,38.61,2187,27.02473285,164,360448,,,,,,,,,,,,,
177,37.95,2191,26.876465299999996,165,362496,-0.012370118047692813,0.9726338014006615,0.5614298219792545,1760,0.11597328633069992,5e-05,-0.9338357780128718,0.004035036,0.147998046875,0.1,,,
178,38.52,2194,26.650168800000003,166,364544,-0.01235748116960167,0.9710937794297934,0.7177142101339996,1770,0.2072831094264984,5e-05,-0.9282373519614339,0.003731558,0.14482421875,0.1,,,
179,38.25,2197,25.65314302,166,366592,-0.012697831084369681,0.9707522317767143,0.7532143501099199,1780,0.1718585193157196,5e-05,-0.9080348560586572,0.0038100174,0.14814453125,0.1,,,
180,37.83,2201,26.779297870000004,167,368640,-0.012157461466267705,0.9681103117763996,0.7412220431491733,1790,0.15326660871505737,5e-05,-0.9146263558417559,0.0042672064,0.152392578125,0.1,,,
,,,,,370000,-0.012400870401324936,0.9757554940879345,0.5783559137023986,1800,0.13347958028316498,5e-05,-0.9042865358293056,0.004454781,0.15849609375,0.1,31.529302638402346,5.152281395808778,37.5
181,38.49,2204,26.459058159999994,168,370688,,,,,,,,,,,,,
182,38.58,2208,27.273637159999993,168,372736,-0.011223080268246121,0.9688163213431835,0.614998530736193,1810,0.13216474652290344,5e-05,-0.8743613248690962,0.0038993335,0.13134765625,0.1,,,
183,37.83,2211,27.508894399999996,169,374784,-0.013019072802853771,0.974821450188756,0.6093635943252593,1820,0.09089510142803192,5e-05,-0.9010128671303391,0.0047355937,0.176611328125,0.1,,,
184,37.8,2214,26.54625947,170,376832,-0.01285364975919947,0.9742262717336416,0.7095923826098443,1830,0.17833703756332397,5e-05,-0.8620779704302549,0.004467061,0.16005859375,0.1,,,
185,38.22,2218,27.027114420000007,170,378880,-0.012814484859700315,0.9756217561662197,0.5338105225469917,1840,0.11906921118497849,5e-05,-0.913630785048008,0.00474084,0.164111328125,0.1,,,
,,,,,380000,-0.01272703959402861,0.9770433269441128,0.6320065271109343,1850,0.08946317434310913,5e-05,-0.8679092235863208,0.004621026,0.172802734375,0.1,32.43801765949509,6.935820259650942,37.2
186,37.77,2222,27.594011960000003,171,380928,,,,,,,,,,,,,
187,37.74,2225,26.766977610000005,172,382976,-0.013187703148287256,0.9802600145339966,0.44753325066994876,1860,0.11334779113531113,5e-05,-0.8739155804738402,0.005261334,0.17216796875,0.1,,,
188,37.89,2228,25.949748419999995,172,385024,-0.012590364960487932,0.9707720912992954,0.6604895568452775,1870,0.17663365602493286,5e-05,-0.8766850709915162,0.004504234,0.167041015625,0.1,,,
189,38.16,2232,26.51255861,173,387072,-0.012252442353201332,0.9691378604620695,0.7856192058883608,1880,0.2099599987268448,5e-05,-0.8768317587673664,0.0038606906,0.144873046875,0.1,,,
190,38.31,2235,27.50252855,174,389120,-0.01338023749704007,0.9741092808544636,0.6036220504902303,1890,0.10716937482357025,5e-05,-0.8704484682530165,0.004702604,0.171337890625,0.1,,,
,,,,,390000,-0.011428751949279104,0.9769459404051304,0.5203489013947546,1900,0.13881437480449677,5e-05,-0.8462728830054402,0.0037477124,0.1666015625,0.1,30.66723718095314,5.6843731823725205,40.5
191,38.85,2239,27.621615780000006,174,391168,,,,,,,,,,,,,
192,38.88,2242,27.684447119999994,175,393216,-0.013676657147880179,0.9782074373215437,0.5579309566412121,1910,0.14704644680023193,5e-05,-0.8700663078576326,0.005417145,0.166015625,0.1,,,
193,39.24,2246,27.260760750000003,175,395264,-0.012250582697743085,0.9801378436386585,0.38090152479708195,1920,0.15297824144363403,5e-05,-0.8937744798138738,0.005467776,0.1826171875,0.1,,,
194,37.92,2249,27.92500923,176,397312,-0.01051707199003431,0.9726261962205172,0.6060412234626711,1930,0.10694049298763275,5e-05,-0.8696329738944769,0.0035842303,0.13642578125,0.1,,,
195,38.01,2252,27.744609330000003,177,399360,-0.012748068351356778,0.9798069354146719,0.48629547986201943,1940,0.15128181874752045,5e-05,-0.8683602901175618,0.0046014325,0.165234375,0.1,,,
,,,,,400000,-0.013844569503271486,0.976671114563942,0.613272843696177,1950,0.09249067306518555,5e-05,-0.8945664016529917,0.005374137,0.190771484375,0.1,32.23061207612838,3.831261488448076,36.3
196,37.59,2256,26.88982096,177,401408,,,,,,,,,,,,,
197,38.13,2259,26.895147109999996,178,403456,-0.012499212706461548,0.972791438922286,0.562119647487998,1960,0.10775889456272125,5e-05,-0.8618107052519918,0.004864255,0.160693359375,0.1,,,
198,38.49,2263,28.255258159999993,179,405504,-0.013061622678651474,0.9810535199940205,0.4564820775296539,1970,0.08920720219612122,5e-05,-0.8484239656478166,0.005566047,0.189306640625,0.1,,,
199,37.44,2266,29.04490765,179,407552,-0.012402218765055295,0.9798092469573021,0.5900617740582674,1980,0.14827467501163483,5e-05,-0.8431313391774893,0.005657473,0.172412109375,0.1,,,
200,37.26,2269,29.464436100000004,180,409600,-0.013380405826319474,0.9820509161800146,0.4473086079116911,1990,0.08970142900943756,5e-05,-0.844488606415689,0.004566604,0.162060546875,0.1,,,
,,,,,410000,-0.011985639049089513,0.981230529025197,0.5747192101553082,2000,0.2910201847553253,5e-05,-0.8321081904694438,0.0043976125,0.164599609375,0.1,30.65404552923684,8.384838685531927,37.5
201,37.05,2273,29.40955192,181,411648,,,,,,,,,,,,,
202,37.32,2276,28.87906534,181,413696,-0.011222745882696472,0.9748175293207169,0.6802143550012261,2010,0.4029872417449951,5e-05,-0.8476241372525692,0.0042458954,0.135791015625,0.1,,,
203,37.11,2280,29.00614439,182,415744,-0.012278149808116723,0.9824197124689817,0.4872853505890816,2020,0.056207697838544846,5e-05,-0.8117319220677018,0.0050324304,0.160888671875,0.1,,,
204,37.71,2283,28.9699447,182,417792,-0.012529395314777503,0.9768365044146776,0.5533026528079062,2030,0.1493755728006363,5e-05,-0.8331668715924024,0.0046843635,0.1904296875,0.1,,,
205,37.17,2286,29.562549769999997,183,419840,-0.012720537606219296,0.9840189591050148,0.3827661364339292,2040,0.07488760352134705,5e-05,-0.821550682745874,0.005906849,0.198388671875,0.1,,,
,,,,,420000,-0.011293260984530207,0.9830915220081806,0.5019790637306869,2050,0.18141858279705048,5e-05,-0.8297869365662336,0.0056523746,0.1640625,0.1,31.309553281545732,7.04836183854978,40.5
206,37.68,2290,29.031830600000003,184,421888,,,,,,,,,,,,,
207,37.65,2293,28.863055520000003,184,423936,-0.01077585726598045,0.979099839925766,0.5321464839857072,2060,0.16236227750778198,5e-05,-0.8421320443972945,0.0048977993,0.155419921875,0.1,,,
208,37.44,2297,28.515199850000002,185,425984,-0.013451630237977952,0.982342105358839,0.5011282953433692,2070,0.15455973148345947,5e-05,-0.8272097716107965,0.005255078,0.18173828125,0.1,,,
209,37.53,2300,27.214136410000002,186,428032,-0.01292337516497355,0.9765305537730455,0.6184589747805148,2080,0.1667383462190628,5e-05,-0.8312897073104978,0.0041301623,0.1533203125,0.1,,,
,,,,,430000,-0.01220944071392296,0.9777912981808186,0.5243798476178199,2090,0.07881210744380951,5e-05,-0.8100841738283634,0.004053491,0.156005859375,0.1,30.64679747345332,5.223538684350572,38.4
210,37.47,2304,28.20794638,186,430080,,,,,,,,,,,,,
211,38.31,2307,28.42100438,187,432128,-0.011449817552056629,0.9826160632073879,0.4668456693412736,2100,0.1355598270893097,5e-05,-0.81251733712852,0.0050634053,0.16455078125,0.1,,,
212,37.86,2310,27.245155410000002,187,434176,-0.01254146931169089,0.973735835403204,0.5125261374749244,2110,0.0972292572259903,5e-05,-0.8256548170000315,0.0065087797,0.18310546875,0.1,,,
213,37.77,2314,27.446920640000002,188,436224,-0.013129281487636035,0.9774466063827276,0.5564585640095174,2120,0.08938899636268616,5e-05,-0.81462925914675,0.0047986605,0.173974609375,0.1,,,
214,37.29,2317,29.376738609999997,189,438272,-0.01248005574234412,0.9814581107348204,0.5008041560184211,2130,0.09876266866922379,5e-05,-0.8203725485131145,0.0059726234,0.17685546875,0.1,,,
,,,,,440000,-0.012308805033535463,0.9824233390390873,0.5179176161065697,2140,0.16905204951763153,5e-05,-0.8150052864104509,0.0048130574,0.156201171875,0.1,27.120828482679098,9.384009974954365,39.0
215,36.93,2321,29.62343375,189,440320,,,,,,,,,,,,,
216,37.23,2324,29.9305468,190,442368,-0.013021405904146377,0.9809203669428825,0.5337545743212104,2150,0.10419438779354095,5e-05,-0.8117188837379217,0.0051761065,0.180078125,0.1,,,
217,38.79,2327,29.409314379999998,190,444416,-0.0116937864360807,0.9786888342350721,0.5747177466750145,2160,0.10629644989967346,5e-05,-0.8175442619249225,0.004590638,0.1666015625,0.1,,,
218,39.24,2331,27.783317850000003,191,446464,-0.01235713815985946,0.9796844832599163,0.43984401486814023,2170,0.10246249288320541,5e-05,-0.8479867536574602,0.00453313,0.176025390625,0.1,,,
219,38.91,2334,28.266729510000005,192,448512,-0.012218648477573878,0.9796971287578344,0.4481774422340095,2180,0.06400325894355774,5e-05,-0.8526109978556633,0.0048983395,0.172509765625,0.1,,,
,,,,,450000,-0.011546576769615059,0.982583723962307,0.4471047939732671,2190,0.07597719877958298,5e-05,-0.8350129073485733,0.0053649954,0.17939453125,0.1,30.430236509365812,6.047554487854443,39.6
220,38.01,2338,29.020265329999997,192,450560,,,,,,,,,,,,,
221,38.28,2341,28.36805683,193,452608,-0.011922426983801415,0.9782210346311331,0.48401528699323537,2200,0.0790146067738533,5e-05,-0.8263294974341988,0.0064792,0.165869140625,0.1,,,
222,38.76,2344,28.792605360000003,193,454656,-0.012947464935132302,0.980399152263999,0.4499495326541364,2210,0.05897962301969528,5e-05,-0.8050170158967376,0.0049779424,0.1640625,0.1,,,
223,37.71,2348,29.47472963,194,456704,-0.011724181950557976,0.9769256394356489,0.6462429638486356,2220,0.13892212510108948,5e-05,-0.8062434833496809,0.0044979174,0.15341796875,0.1,,,
224,38.13,2351,27.553508500000003,195,458752,-0.011797903597471304,0.9818627536296844,0.4534682249184698,2230,0.11965674161911011,5e-05,-0.8188122015446424,0.0047127185,0.18056640625,0.1,,,
,,,,,460000,-0.013600245901034213,0.9798939470201731,0.4894737438298762,2240,0.1636122465133667,5e-05,-0.813858176022768,0.00553871,0.16982421875,0.1,27.433631513900508,6.161810349599351,41.4
225,38.55,2355,27.948447889999997,195,460800,,,,,,,,,,,,,
226,38.61,2358,28.812060689999996,196,462848,-0.011752723334211623,0.9812327846884727,0.46507901083678005,2250,0.09847616404294968,5e-05,-0.8123323054984212,0.005487117,0.177587890625,0.1,,,
227,37.59,2361,29.230642269999997,196,464896,-0.011696372050209902,0.9843237865716219,0.3755715654231608,2260,0.07411053776741028,5e-05,-0.8067841762676835,0.0056999973,0.177783203125,0.1,,,
228,37.5,2365,28.62603634,197,466944,-0.012793096249515657,0.9842079244554043,0.4143811024259776,2270,0.08707986027002335,5e-05,-0.828359566628933,0.0053071897,0.179443359375,0.1,,,
229,37.5,2368,28.490473650000002,198,468992,-0.013001343834912405,0.9823001511394978,0.34639645407442005,2280,0.12060391157865524,5e-05,-0.8149880059063435,0.00575302,0.201904296875,0.1,,,
,,,,,470000,-0.011895348165126052,0.9749682601541281,0.5037785454886035,2290,0.11168289184570312,5e-05,-0.8145648993551731,0.0048410455,0.16708984375,0.1,27.973807504997012,7.83941240820963,35.4
230,37.23,2372,29.359348689999997,198,471040,,,,,,,,,,,,,
231,38.25,2375,29.7921445,199,473088,-0.012420898389427748,0.9776847939938307,0.5655688823666424,2300,0.1489773392677307,5e-05,-0.785122737288475,0.0045659477,0.158837890625,0.1,,,
232,38.46,2378,29.05050885,199,475136,-0.013041762975626625,0.9842588510364294,0.3802914679981768,2310,0.07787680625915527,5e-05,-0.8084595892578363,0.0050817523,0.1705078125,0.1,,,
233,38.49,2382,29.583134310000005,200,477184,-0.012824145282502286,0.9839367549866438,0.46600395077839496,2320,0.1140793114900589,5e-05,-0.8068321749567986,0.008074098,0.19775390625,0.1,,,
234,38.16,2385,28.851270839999994,200,479232,-0.01223853608535137,0.9848816087469459,0.42193297171033917,2330,0.0742611363530159,5e-05,-0.8107648091390729,0.0058503062,0.1982421875,0.1,,,
,,,,,480000,-0.014319326166878454,0.9786012731492519,0.4846024596597999,2340,0.12827125191688538,5e-05,-0.8159291515126824,0.0064584245,0.18623046875,0.1,32.12607144092245,5.510824106162941,37.8
235,37.74,2389,28.55488213,201,481280,,,,,,,,,,,,,
236,38.34,2392,28.360278740000002,202,483328,-0.012732005034922621,0.9854336613789201,0.3899249947397038,2350,0.08980486541986465,5e-05,-0.7944162515923381,0.006350477,0.1830078125,0.1,,,
237,38.13,2396,28.936706620000006,202,485376,-0.011642383795697242,0.9779288526624441,0.5054374865954742,2360,0.07632993906736374,5e-05,-0.7973052648827433,0.0047228206,0.143115234375,0.1,,,
238,37.08,2399,30.198923889999996,203,487424,-0.012241584414732642,0.9815610125660896,0.4274840565631166,2370,0.11648491024971008,5e-05,-0.8023644398897887,0.0057269176,0.187890625,0.1,,,
239,35.94,2402,30.4213526,203,489472,-0.011555722312186845,0.9836313985288143,0.5251520782709121,2380,0.14538149535655975,5e-05,-0.7715966166928411,0.005225726,0.15830078125,0.1,,,
,,,,,490000,-0.011787027482932899,0.9847944779321551,0.4591742262011394,2390,0.11743137240409851,5e-05,-0.7793408205732704,0.005037127,0.161376953125,0.1,31.335329715791737,3.9792423073343275,37.5
240,37.35,2406,29.46794246,204,491520,,,,,,,,,,,,,
241,37.95,2410,29.060989609999996,204,493568,-0.011251812988484744,0.9844233058393002,0.42315766932442783,2400,0.14187543094158173,5e-05,-0.8123730614781379,0.004178586,0.1453125,0.1,,,
242,37.59,2413,28.923675149999998,205,495616,-0.01415211091953097,0.9811342339962721,0.4691162705654278,2410,0.045706454664468765,5e-05,-0.791069214232266,0.005625627,0.172314453125,0.1,,,
243,37.68,2416,29.891270919999997,205,497664,-0.012994995262124576,0.9822761360555887,0.4296718978788704,2420,0.06437745690345764,5e-05,-0.7628275200724601,0.0053912867,0.174072265625,0.1,,,
244,38.13,2420,30.311500020000004,206,499712,-0.013659601442486746,0.9857387254014611,0.427937417011708,2430,0.10025790333747864,5e-05,-0.7940903289243579,0.0052431994,0.1916015625,0.1,,,
,,,,,500000,-0.011740282003302127,0.9817043785005808,0.48026670701801777,2440,0.07895925641059875,5e-05,-0.7901814615353941,0.004771666,0.167138671875,0.1,28.91426636925638,9.644719863283852,38.1
245,37.65,2423,29.014780249999998,206,501760,,,,,,,,,,,,,
246,38.04,2427,28.29239407,207,503808,-0.013445089065498905,0.9775461480021477,0.641955293295905,2450,0.11627204716205597,5e-05,-0.7891280042007566,0.005110656,0.16474609375,0.1,,,
247,37.56,2430,29.80431513,208,505856,-0.014105058168934193,0.9856621334329247,0.3599532112246379,2460,0.06246452033519745,5e-05,-0.7923711301758886,0.0066994573,0.19736328125,0.1,,,
248,38.19,2433,29.718945589999997,208,507904,-0.012237507556710625,0.9829880148172379,0.42128442553803325,2470,0.11352138966321945,5e-05,-0.7566700831055642,0.0047861002,0.161962890625,0.1,,,
249,37.98,2437,29.17429369,209,509952,-0.012840666239208076,0.9845856297761202,0.37568232100456955,2480,0.024069584906101227,5e-05,-0.8115599051117897,0.004628963,0.18017578125,0.1,,,
,,,,,510000,-0.010238579515134915,0.9789234176278114,0.5755949915852397,2490,0.13501568138599396,5e-05,-0.7785814095288515,0.0050484696,0.158056640625,0.1,29.150753271274038,10.038265629153946,37.5
250,38.46,2441,29.546654710000006,209,512000,,,,,,,,,,,,,
251,38.49,2444,29.732179969999997,210,514048,-0.012038973381277174,0.9849273003637791,0.36465168034192175,2500,0.08996377885341644,5e-05,-0.7745445316657424,0.0056397016,0.1650390625,0.1,,,
252,37.26,2447,28.742573670000002,210,516096,-0.012023167288134573,0.9803182836622,0.48943193750455977,2510,0.07822668552398682,5e-05,-0.7672072693705558,0.004593087,0.156982421875,0.1,,,
253,37.56,2451,28.326535130000003,211,518144,-0.011802379369328264,0.9770389460027218,0.4493698586476967,2520,0.09833323955535889,5e-05,-0.7622786063700915,0.004903872,0.156494140625,0.1,,,
,,,,,520000,-0.011019722114724573,0.9810350369662046,0.39119363999925555,2530,0.12541095912456512,5e-05,-0.7566588211804628,0.005991483,0.169384765625,0.1,31.32857510559083,4.80361136717095,37.2
254,37.89,2455,29.17212051,211,520192,,,,,,,,,,,,,
255,37.44,2458,29.41235179,212,522240,-0.009942181388032623,0.9772773887962103,0.5513416189234703,2540,0.21740217506885529,5e-05,-0.7669755160808563,0.004013623,0.15263671875,0.1,,,
256,37.83,2461,29.19805717,212,524288,-0.012985311746888328,0.9828712325543165,0.3897899579955265,2550,0.08249631524085999,5e-05,-0.7670187598094345,0.0053608087,0.173974609375,0.1,,,
257,37.92,2465,28.97728991,213,526336,-0.012157068109081593,0.9860614035278559,0.35607474457938226,2560,0.055857472121715546,5e-05,-0.776030252687633,0.0056871967,0.1736328125,0.1,,,
258,38.55,2468,28.759812750000005,214,528384,-0.01198784234957202,0.9791871774941683,0.5306764773558825,2570,0.07656159996986389,5e-05,-0.7696585293859244,0.005429612,0.173779296875,0.1,,,
,,,,,530000,-0.011849552614148707,0.9865380544215441,0.41222868147306146,2580,0.07258053869009018,5e-05,-0.7735076244920492,0.00557438,0.189453125,0.1,30.620110164393196,6.281721864754656,35.7
259,38.37,2472,28.92669113,214,530432,,,,,,,,,,,,,
260,37.05,2475,30.909082280000003,215,532480,-0.01248075331095606,0.987112351693213,0.36145544340834024,2590,0.08928532153367996,5e-05,-0.758534137532115,0.005856107,0.18310546875,0.1,,,
261,37.92,2478,31.13903488,215,534528,-0.01117341698409291,0.9857113575562835,0.41612466659862546,2600,0.08607889711856842,5e-05,-0.7779446106404067,0.0065381536,0.18681640625,0.1,,,
262,38.25,2482,29.784399829999998,216,536576,-0.011822081908758265,0.9851401913911104,0.37710783069487663,2610,0.09586295485496521,5e-05,-0.7644527290016413,0.005387452,0.184033203125,0.1,,,
263,37.77,2485,29.81011919,216,538624,-0.011558889161824482,0.9822346866130829,0.3457458172226325,2620,0.02476837858557701,5e-05,-0.7513340136036277,0.007727381,0.1904296875,0.1,,,
,,,,,540000,-0.009581204279311351,0.9817914851009846,0.4549041815334931,2630,0.2938857078552246,5e-05,-0.7617724040523172,0.0043580025,0.159912109375,0.1,32.11049552426514,5.401167398990286,39.9
264,38.31,2489,30.08324175,217,540672,,,,,,,,,,,,,
265,38.46,2492,29.430604749999997,217,542720,-0.013424368812411557,0.9857299756258726,0.37273243307136,2640,0.09080497175455093,5e-05,-0.7519327837973833,0.005009271,0.16767578125,0.1,,,
266,38.4,2496,28.98065534,218,544768,-0.01319305141660152,0.9871021183207631,0.33836599173955617,2650,0.07763823866844177,5e-05,-0.7637471552938223,0.0061116857,0.175634765625,0.1,,,
267,37.71,2499,30.120833649999998,218,546816,-0.01295740594068775,0.9877655394375324,0.30538594974204897,2660,0.04488958790898323,5e-05,-0.731823144480586,0.0063899383,0.19130859375,0.1,,,
268,37.38,2502,29.199032390000003,219,548864,-0.0128022228309419,0.9824935868382454,0.4284972429042682,2670,0.09112729877233505,5e-05,-0.739054161682725,0.0063998997,0.188720703125,0.1,,,
,,,,,550000,-0.012095481815049425,0.9759339839220047,0.47962958549615,2680,0.1257406771183014,5e-05,-0.7469951825216412,0.0063056177,0.174755859375,0.1,27.62906703888921,9.325120971094808,39.6
269,38.07,2506,28.514551349999998,219,550912,,,,,,,,,,,,,
270,39.12,2510,29.340767569999993,220,552960,-0.012797596456948668,0.9848746936768293,0.35489656599238517,2690,0.07849104702472687,5e-05,-0.7601383319124579,0.0070281434,0.2017578125,0.1,,,
271,36.99,2513,30.054880439999998,220,555008,-0.011022729563410393,0.9836845863610506,0.48752658229786905,2700,0.14387723803520203,5e-05,-0.732967684790492,0.0049454384,0.164404296875,0.1,,,
272,36.99,2516,30.360003899999995,221,557056,-0.010484452092350693,0.9790311437100172,0.47725402247160675,2710,0.05693990737199783,5e-05,-0.7235927112400532,0.006596813,0.15048828125,0.1,,,
273,36.75,2520,30.548154290000003,221,559104,-0.010031157561024883,0.9853314515203238,0.41569393207319083,2720,0.07011575996875763,5e-05,-0.7087665166705847,0.0059864577,0.1498046875,0.1,,,
,,,,,560000,-0.012384045965154656,0.9842181019484997,0.38275124561041596,2730,0.08251528441905975,5e-05,-0.7093162475153804,0.0059110695,0.175439453125,0.1,33.64714943056741,4.44941924088439,36.3
274,36.78,2524,29.563449849999998,222,561152,,,,,,,,,,,,,
275,38.25,2527,29.752485550000003,222,563200,-0.013685658140457236,0.9886188367381692,0.23899240451864898,2740,0.04693399742245674,5e-05,-0.7606914609670639,0.00549199,0.193408203125,0.1,,,
276,38.55,2530,29.368126380000003,223,565248,-0.011092596242087893,0.9847431443631649,0.46041014487855136,2750,0.09186391532421112,5e-05,-0.7229129994288087,0.0057235537,0.173779296875,0.1,,,
277,38.25,2534,29.54673022,223,567296,-0.011549803811067249,0.9869873393326998,0.3046153569826856,2760,0.06757450103759766,5e-05,-0.7527752611786127,0.0049730605,0.165673828125,0.1,,,
278,37.83,2537,30.361124929999995,224,569344,-0.012078993915929459,0.980852210894227,0.4693290057592094,2770,0.10461162030696869,5e-05,-0.7412667019292712,0.0046113012,0.158642578125,0.1,,,
,,,,,570000,-0.012186639777792153,0.9841958526521921,0.34624258379917594,2780,0.0792001336812973,5e-05,-0.718246578425169,0.0066959816,0.17587890625,0.1,30.79417194392338,11.049438383026626,39.0
279,37.77,2541,29.777357969999994,224,571392,,,,,,,,,,,,,
280,37.98,2544,29.045068459999996,225,573440,-0.015720898484869395,0.9867641963064671,0.3127479970920831,2790,0.041262201964855194,5e-05,-0.7354602172970772,0.007924844,0.212841796875,0.1,,,
281,38.37,2548,29.473019200000003,225,575488,-0.011578897823346779,0.9822347369045019,0.4471690385369584,2800,0.08924773335456848,5e-05,-0.7192989982664585,0.005594466,0.18056640625,0.1,,,
282,37.29,2551,30.164058169999993,226,577536,-0.012075076876499224,0.985716494731605,0.37469373133499173,2810,0.050759099423885345,5e-05,-0.6894940368831157,0.006024572,0.18701171875,0.1,,,
283,38.31,2554,29.46204252,226,579584,-0.01337838204781292,0.9866556553170085,0.3289997504092753,2820,0.07888402044773102,5e-05,-0.7241252206265927,0.005669548,0.179345703125,0.1,,,
,,,,,580000,-0.01354025057516992,0.9821783285588026,0.36643233948852866,2830,0.09378211200237274,5e-05,-0.7561387408524751,0.00597558,0.18662109375,0.1,32.66882956915947,5.958989711987466,38.4
284,37.86,2559,28.783630460000005,227,581632,,,,,,,,,,,,,
285,37.35,2591,29.64111838,225,583680,-0.012111120055487845,0.9794676043093204,0.42173927205149087,2840,0.09262225031852722,5e-05,-0.7239953003823757,0.005929591,0.170654296875,0.1,,,
286,38.07,2594,29.40697048,225,585728,-0.01289813467883505,0.9875202784314752,0.35272559178993107,2850,0.096683569252491,5e-05,-0.7184582114219665,0.007055795,0.2087890625,0.1,,,
287,37.26,2598,30.652959730000003,226,587776,-0.01261690828105202,0.9839548040181398,0.4307535490486771,2860,0.10100764036178589,5e-05,-0.6914331823587417,0.006552376,0.171875,0.1,,,
288,37.29,2602,30.209039479999998,226,589824,-0.013218921922089066,0.9862933661788702,0.3964269671356305,2870,0.09241383522748947,5e-05,-0.7029487168416381,0.0054425746,0.167626953125,0.1,,,
,,,,,590000,-0.011729815215949202,0.9812001269310713,0.4619619835633785,2880,0.07134180516004562,5e-05,-0.6924546461552381,0.00444847,0.160986328125,0.1,31.40630007462222,5.805494371836551,34.8
289,37.98,2606,29.971654490000002,227,591872,,,,,,,,,,,,,
290,38.76,2609,29.870673089999997,227,593920,-0.012018542816804256,0.9865513565018773,0.3373233116930351,2890,0.07538515329360962,5e-05,-0.7081635007634759,0.008032456,0.192431640625,0.1,,,
291,38.01,2613,29.27388985,228,595968,-0.013007384551747237,0.9890049258247018,0.3047966738929972,2900,0.06918571889400482,5e-05,-0.7185249030590057,0.006009031,0.194140625,0.1,,,
292,37.56,2616,30.310412969999998,228,598016,-0.010478287657315377,0.9804671090096235,0.4063849582336843,2910,0.07525651156902313,5e-05,-0.7184087010100484,0.007382732,0.201123046875,0.1,,,
,,,,,600000,-0.010248120882170041,0.9834335874766111,0.3830119156045839,2920,0.08167688548564911,5e-05,-0.7079853659495712,0.005640569,0.1755859375,0.1,26.49252070732148,10.39715531183599,40.8
293,37.68,2620,30.178765179999996,228,600064,,,,,,,,,,,,,
294,38.37,2623,29.049015810000004,229,602112,-0.012452230547205545,0.9817010164260864,0.4183597170514986,2930,0.0929655060172081,5e-05,-0.7105540592223406,0.006561203,0.18447265625,0.1,,,
295,38.07,2627,29.241445339999995,229,604160,-0.010710420790564968,0.98422128893435,0.3654900076566264,2940,0.04915459081530571,5e-05,-0.7344250166788697,0.005632438,0.1857421875,0.1,,,
296,36.9,2630,29.34405605,230,606208,-0.01306026844540611,0.9870297508314252,0.33273513498716056,2950,0.04651521518826485,5e-05,-0.6866481378674507,0.00652254,0.17578125,0.1,,,
297,38.19,2633,29.217114779999996,230,608256,-0.012379388722183648,0.985971805639565,0.337290393630974,2960,0.09231122583150864,5e-05,-0.7069256186485291,0.006043803,0.184814453125,0.1,,,
,,,,,610000,-0.011919251241488382,0.9876388525590301,0.26224502723198384,2970,0.059092022478580475,5e-05,-0.688833923637867,0.0072661173,0.20869140625,0.1,29.298476207748365,8.463323138374218,40.2
298,37.62,2637,29.253127410000005,231,610304,,,,,,,,,,,,,
299,36.96,3270,29.46434791,187,612352,-0.010995326798729365,0.9867507563903928,0.31561587934847923,2980,0.06623958051204681,5e-05,-0.6703422050923109,0.0061741807,0.185986328125,0.1,,,
300,37.14,3273,30.26922778,187,614400,-0.013063671387499198,0.9830508772283792,0.37156130818184463,2990,0.059447720646858215,5e-05,-0.6813419207930564,0.0063080583,0.175537109375,0.1,,,
301,37.44,3277,30.46121396000001,188,616448,-0.012118585652206092,0.987485010176897,0.2717279634904116,3000,0.03643731027841568,5e-05,-0.6940468616783619,0.005894313,0.1765625,0.1,,,
302,37.23,3280,29.444899389999996,188,618496,-0.011332472515641711,0.983954168856144,0.3534200936788693,3010,0.09524121880531311,5e-05,-0.7028691517189145,0.0042381757,0.162451171875,0.1,,,
,,,,,620000,-0.009691828215727583,0.9793175607919693,0.550288728508167,3020,0.0674031525850296,5e-05,-0.6873635053634644,0.0049932236,0.165869140625,0.1,29.169450356202795,4.447255621901529,38.4
303,36.99,3284,29.05933794,188,620544,,,,,,,,,,,,,
304,37.41,3287,29.30558707,189,622592,-0.013873995762696722,0.9834534730762243,0.41346351185347885,3030,0.05605413764715195,5e-05,-0.6875535409897566,0.0070011877,0.200830078125,0.1,,,
305,37.77,3290,30.29497833,189,624640,-0.012480179077829234,0.9872828470543027,0.3105212923372164,3040,0.046138666570186615,5e-05,-0.6805672785267234,0.0068147713,0.211376953125,0.1,,,
306,37.38,3293,31.128078770000002,190,626688,-0.00994173430808587,0.9859736887738109,0.3925067109754309,3050,0.07918927818536758,5e-05,-0.6912767617031932,0.0053489865,0.16962890625,0.1,,,
307,37.11,3296,29.981193610000002,190,628736,-0.012839866346621421,0.9880268592387438,0.30993183525279167,3060,0.04190549999475479,5e-05,-0.6886818621307611,0.007283996,0.20517578125,0.1,,,
,,,,,630000,-0.011527603790455032,0.9826719965785742,0.4083651434164494,3070,0.0673513263463974,5e-05,-0.6718464229255915,0.00728169,0.177197265625,0.1,30.533143111542575,9.181987609523546,39.3
308,37.2,3300,30.59424814,191,630784,,,,,,,,,,,,,
309,37.74,3303,29.79221207,191,632832,-0.011952561324142153,0.9887095410376787,0.34320345080923287,3080,0.08936046808958054,5e-05,-0.6792866455391049,0.006965722,0.1865234375,0.1,,,
310,36.63,3306,29.225114040000005,192,634880,-0.011754868624848314,0.9799101445823908,0.43499794041272255,3090,0.08688119053840637,5e-05,-0.6869863465428352,0.0071368422,0.180517578125,0.1,,,
311,37.59,3309,29.916047479999996,192,636928,-0.011915544359362684,0.9846515161916614,0.3841585244983435,3100,0.10042334347963333,5e-05,-0.6712655860930681,0.0071777124,0.174560546875,0.1,,,
312,38.49,3312,30.794242479999998,192,638976,-0.011943584921391448,0.9884422700852156,0.34117114949040117,3110,0.08026717603206635,5e-05,-0.6918170344084501,0.0059095854,0.177587890625,0.1,,,
,,,,,640000,-0.013031928471900756,0.9890136374160647,0.30041593601927163,3120,0.07136312127113342,5e-05,-0.6699688190594315,0.0069381776,0.194384765625,0.1,31.0950505712211,6.569885991523366,39.3
313,37.68,3346,30.79894292,191,641024,,,,,,,,,,,,,
314,37.2,3350,29.85223922,191,643072,-0.010294982793857344,0.9843790866434574,0.35875112807843834,3130,0.05153719335794449,5e-05,-0.6677914911881089,0.0060711564,0.178271484375,0.1,,,
315,37.8,3354,29.671757760000006,192,645120,-0.0113425290415762,0.9825819469988346,0.4248416166286916,3140,0.07377950847148895,5e-05,-0.6718173816800117,0.005978063,0.18193359375,0.1,,,
316,37.71,3358,30.17257065,192,647168,-0.01364146255000378,0.9851491861045361,0.34951173602603375,3150,0.04113476723432541,5e-05,-0.6681221842765808,0.006272156,0.18134765625,0.1,,,
317,38.28,3362,30.917572680000003,193,649216,-0.012765144126024097,0.9875671295449138,0.34170564729720354,3160,0.08795900642871857,5e-05,-0.6709323501214385,0.0066383705,0.182177734375,0.1,,,
,,,,,650000,-0.013162622514209943,0.9888451863080263,0.25064818805549294,3170,0.01955680549144745,5e-05,-0.6909395974129439,0.0073394496,0.19306640625,0.1,30.339352328357187,6.636519454478739,37.5
318,37.95,3366,30.56215175,193,651264,,,,,,,,,,,,,
319,37.59,3370,31.147669729999997,193,653312,-0.01141375058941776,0.9900648463517427,0.24060731972567737,3180,0.022787634283304214,5e-05,-0.6853415783494711,0.0060183955,0.185205078125,0.1,,,
320,38.79,3373,29.83923932,194,655360,-0.01052123991685221,0.9881873801350594,0.2913365054409951,3190,0.07340274751186371,5e-05,-0.675119506008923,0.007197018,0.1802734375,0.1,,,
321,38.97,3377,27.8097641,194,657408,-0.012315994610253256,0.9864910049363971,0.3053550667827949,3200,0.04724618420004845,5e-05,-0.689973397180438,0.0059261587,0.170849609375,0.1,,,
322,37.65,3380,29.964442939999998,195,659456,-0.011003932946186979,0.986189816147089,0.2929616454290226,3210,0.04073164612054825,5e-05,-0.6735513381659984,0.00808781,0.19560546875,0.1,,,
,,,,,660000,-0.010787764255655929,0.9805364925414324,0.4023535751970485,3220,0.053363535553216934,5e-05,-0.632475940324366,0.005687195,0.162646484375,0.1,32.312684162230155,9.064142287413384,38.7
323,37.68,3384,30.79342878,195,661504,,,,,,,,,,,,,
324,37.86,3388,30.459980870000003,195,663552,-0.01202559463781654,0.9859181446954608,0.3844571447232738,3230,0.0567655973136425,5e-05,-0.6883156143128872,0.007349642,0.195849609375,0.1,,,
325,38.16,3391,30.347292340000003,196,665600,-0.010682443840778433,0.9864154187962413,0.3865488018142059,3240,0.04345155507326126,5e-05,-0.6465933745726943,0.006042502,0.168603515625,0.1,,,
326,37.86,3395,29.75132928,196,667648,-0.01185478793195216,0.9835610575973988,0.4470054489793256,3250,0.14752675592899323,5e-05,-0.6756683398038149,0.0049282718,0.162353515625,0.1,,,
327,37.62,3398,30.96373881,197,669696,-0.013226789733744226,0.9818392489105463,0.39547254820354283,3260,0.08928404748439789,5e-05,-0.6751999141648412,0.006092225,0.18837890625,0.1,,,
,,,,,670000,-0.012523494908236898,0.9862512173131108,0.33999550973530857,3270,0.04917268082499504,5e-05,-0.6348243216983974,0.0066378945,0.1978515625,0.1,32.363173459874915,4.548850971949325,38.4
328,38.19,3402,31.20507224,197,671744,,,,,,,,,,,,,
329,38.37,3406,31.014563689999996,197,673792,-0.011966508002660702,0.9851932879537344,0.3652773033827543,3280,0.06685256212949753,5e-05,-0.6547538589686155,0.006973782,0.1818359375,0.1,,,
330,38.16,3409,30.58149789,198,675840,-0.01175366441020742,0.9861389650031924,0.4009485183982179,3290,0.13134892284870148,5e-05,-0.6304005842655898,0.0058304574,0.179736328125,0.1,,,
331,37.17,3412,30.989366889999996,198,677888,-0.009530821099906462,0.9818263649940491,0.38458726529497655,3300,0.06691811978816986,5e-05,-0.6641011184081436,0.0077572037,0.19033203125,0.1,,,
332,38.07,3416,30.596789479999998,199,679936,-0.011636319253739202,0.9867896372452378,0.3195976081537083,3310,0.031505510210990906,5e-05,-0.6204684382304549,0.0061996845,0.17333984375,0.1,,,
,,,,,680000,-0.010994569498870987,0.9855689164251089,0.36988482701126485,3320,0.09467922151088715,5e-05,-0.6610779685899615,0.006152812,0.1955078125,0.1,30.960236414335476,4.7812659407347065,39.0
333,37.47,3420,31.04138242,199,681984,,,,,,,,,,,,,
334,36.81,3423,31.849596010000006,199,684032,-0.011340643152652773,0.9844710780307651,0.2875265089562163,3330,0.03104206919670105,5e-05,-0.6638065399602056,0.006439337,0.18916015625,0.1,,,
335,37.29,3427,31.325620330000003,200,686080,-0.011922238041006495,0.9884421899914742,0.30745462398044765,3340,0.07051202654838562,5e-05,-0.6365614179521799,0.005730694,0.176806640625,0.1,,,
336,37.41,3430,29.787040839999996,200,688128,-0.012171759727061726,0.986366449855268,0.31759243961423633,3350,0.08582480251789093,5e-05,-0.6401607800275088,0.0069265505,0.18603515625,0.1,,,
,,,,,690000,-0.009013944902108051,0.984320554882288,0.2858822442824021,3360,0.06067107245326042,5e-05,-0.6603302553296089,0.0061825383,0.1740234375,0.1,33.63553603352155,4.825309044139392,39.0
337,38.79,3434,30.313018789999997,200,690176,,,,,,,,,,,,,
338,38.13,3437,31.20766818,201,692224,-0.0120593266285141,0.9891015905886889,0.27335882352199403,3370,0.028864959254860878,5e-05,-0.6346495792269706,0.0071888887,0.184228515625,0.1,,,
339,37.86,3441,30.6420211,201,694272,-0.010855921410256996,0.9898699978366494,0.2741117972880602,3380,0.06737341731786728,5e-05,-0.6392887515947223,0.006754979,0.200634765625,0.1,,,
340,37.53,3444,30.437834030000005,202,696320,-0.012582913661026396,0.9867256721481681,0.2716425994411111,3390,0.04484473168849945,5e-05,-0.6453033916652202,0.0061780163,0.187890625,0.1,,,
341,37.71,3447,31.3336556,202,698368,-0.0115637896451517,0.988680200651288,0.3034836465027183,3400,0.030490916222333908,5e-05,-0.6327756872400642,0.006145548,0.1703125,0.1,,,
,,,,,700000,-0.011214438498427626,0.9858040502294898,0.39934965907596054,3410,0.06400007009506226,5e-05,-0.6216257328167558,0.0061229304,0.1611328125,0.1,28.912676344276736,5.757337997560493,39.6
342,37.86,3451,28.795724259999997,202,700416,,,,,,,,,,,,,
343,38.01,3455,29.19170143,203,702464,-0.01361219303944381,0.9768784716725349,0.482195994653739,3420,0.12056981772184372,5e-05,-0.6404945658519864,0.0067641377,0.17900390625,0.1,,,
344,37.35,3458,31.048738800000002,203,704512,-0.01183401554080774,0.9852545233443379,0.3339468493126333,3430,0.03190121054649353,5e-05,-0.6388405898585916,0.0062500294,0.180029296875,0.1,,,
345,37.53,3462,30.403804109999996,204,706560,-0.012673179595731198,0.9873097250238061,0.3356221772264689,3440,0.05659265071153641,5e-05,-0.6343959350138902,0.008218837,0.199658203125,0.1,,,
346,37.32,3466,30.799157500000007,204,708608,-0.013782666115730535,0.9899366116151214,0.27893684862647206,3450,0.033526528626680374,5e-05,-0.6282949897460639,0.006941286,0.198779296875,0.1,,,
,,,,,710000,-0.012100852653384208,0.9847436547279358,0.35850557454396037,3460,0.05636380985379219,5e-05,-0.5997756231576205,0.0069684135,0.17265625,0.1,33.89387036130277,7.014068949242767,38.7
347,37.41,3470,31.128550680000004,204,710656,,,,,,,,,,,,,
348,37.44,3473,30.271299340000006,205,712704,-0.010107633678126149,0.9878729088231921,0.3120001441333443,3470,0.07481015473604202,5e-05,-0.6140007227659225,0.0063858214,0.1794921875,0.1,,,
349,37.8,3477,30.724922420000002,205,714752,-0.011659275117563084,0.985952471382916,0.3297667221864685,3480,0.050535898655653,5e-05,-0.6144670724868775,0.0073332405,0.172705078125,0.1,,,
350,37.98,3480,31.00065381,205,716800,-0.010637890668294857,0.9848900306969881,0.44579805617686363,3490,0.06855838000774384,5e-05,-0.5975121082738042,0.0067114406,0.16484375,0.1,,,
351,38.64,3484,30.787957369999994,206,718848,-0.01239805409568362,0.9859355287626386,0.38052653879858556,3500,0.04905451834201813,5e-05,-0.6278045831248165,0.007814102,0.18125,0.1,,,
,,,,,720000,-0.009610736534523313,0.9870711378753185,0.34281706537585704,3510,0.044099826365709305,5e-05,-0.6164567534811795,0.006542871,0.179443359375,0.1,29.38827593699397,6.968980727156448,36.6
352,38.7,3488,30.61243902,206,720896,,,,,,,,,,,,,
353,37.53,3491,30.499186479999995,207,722944,-0.011916835063311737,0.9791629295796156,0.5021273818565533,3520,0.12134166061878204,5e-05,-0.6146401272155344,0.0074738096,0.183984375,0.1,,,
354,38.7,3495,30.72027115,207,724992,-0.011712621216429398,0.9878097074106336,0.3010885928524658,3530,0.019721979275345802,5e-05,-0.6213609516620636,0.0071225595,0.196826171875,0.1,,,
355,37.44,3498,31.611463900000004,207,727040,-0.012855678948835703,0.989956084638834,0.224580905912444,3540,0.046488821506500244,5e-05,-0.6402514493092895,0.010672355,0.21875,0.1,,,
356,37.38,3502,31.454532169999997,208,729088,-0.012068379223637748,0.9899322791025043,0.2663244009250775,3550,0.05415824428200722,5e-05,-0.593903280608356,0.007805559,0.193701171875,0.1,,,
,,,,,730000,-0.012320443433418404,0.9888051562011242,0.30600128003861754,3560,0.062388963997364044,5e-05,-0.6236205594614148,0.006372286,0.181787109375,0.1,33.52326607141073,3.9347362099261614,39.0
357,38.04,3506,31.537772720000003,208,731136,,,,,,,,,,,,,
358,37.53,3509,31.116952379999997,208,733184,-0.01225489860808011,0.9891053838655353,0.30067427272442726,3570,0.09067806601524353,5e-05,-0.6093808489851653,0.006867312,0.196484375,0.1,,,
359,37.74,3512,31.22804764,209,735232,-0.013857844887388638,0.9871074948459864,0.33805118591990324,3580,0.03627927228808403,5e-05,-0.6331532639451325,0.0076735546,0.19794921875,0.1,,,
360,38.64,3516,31.283165069999995,209,737280,-0.011839695367962122,0.9869916494935751,0.3398523229872808,3590,0.03749220073223114,5e-05,-0.6084152305498719,0.0083808955,0.1845703125,0.1,,,
361,38.4,3519,30.63775147,210,739328,-0.010444824019941734,0.9874769831076264,0.2739196800859645,3600,0.06298163533210754,5e-05,-0.6506257981061936,0.007108966,0.1931640625,0.1,,,
,,,,,740000,-0.011640465844538993,0.9839823599904776,0.29199821047950536,3610,0.05362967401742935,5e-05,-0.6227420607581735,0.00894014,0.209228515625,0.1,33.18150161685126,6.642113085385179,38.4
362,37.83,3523,30.31609718,210,741376,,,,,,,,,,,,,
363,38.4,3527,30.382155160000003,210,743424,-0.011544139507168438,0.9890730027109385,0.29822418226394803,3620,0.0321037620306015,5e-05,-0.6250274391844869,0.0064748293,0.184912109375,0.1,,,
364,38.1,3530,30.449572980000003,211,745472,-0.014981044399610255,0.9930180017836392,0.17215367269236595,3630,0.02904055453836918,5e-05,-0.6169509183615446,0.009936062,0.212060546875,0.1,,,
365,37.38,3534,32.021868440000006,211,747520,-0.012437701900489628,0.9878701101988554,0.28556641447357833,3640,0.03397940844297409,5e-05,-0.626026609633118,0.0074154404,0.191650390625,0.1,,,
366,36.9,3537,32.605027029999995,211,749568,-0.010957440575293732,0.9867005841806531,0.33402545866556466,3650,0.07322974503040314,5e-05,-0.5968076805584133,0.007147123,0.181787109375,0.1,,,
,,,,,750000,-0.011454013236652827,0.9895701464265585,0.27429552720859646,3660,0.04359561577439308,5e-05,-0.6167955972254276,0.009252371,0.20830078125,0.1,34.998582373916314,4.888046130991941,38.7
367,38.31,3541,31.41083643,212,751616,,,,,,,,,,,,,
368,37.98,3545,30.595375,212,753664,-0.012958736206928733,0.989079287275672,0.254379588435404,3670,0.022287175059318542,5e-05,-0.6186135507188737,0.008348926,0.206005859375,0.1,,,
369,37.98,3548,30.18706886,212,755712,-0.0114633617180516,0.9858228741213679,0.31708295808639375,3680,0.051534928381443024,5e-05,-0.5925609153695405,0.0072601656,0.1923828125,0.1,,,
370,38.1,3551,30.28859651,213,757760,-0.011239325808855938,0.9845708319917321,0.34605510279070584,3690,0.05595055967569351,5e-05,-0.5974291610531509,0.008846391,0.178857421875,0.1,,,
371,38.61,3555,30.41685904,213,759808,-0.012259691309009214,0.9856408182531595,0.3444330257596448,3700,0.08523784577846527,5e-05,-0.6093299588188529,0.007018571,0.18427734375,0.1,,,
,,,,,760000,-0.010824629358103266,0.98975929338485,0.2629986532498151,3710,0.036373015493154526,5e-05,-0.5947754245251418,0.007040021,0.185400390625,0.1,36.71895227469637,5.76920244575007,35.4
372,38.01,3558,30.975225140000003,214,761856,,,,,,,,,,,,,
373,38.55,3562,30.58924047,214,763904,-0.012028138972527812,0.9905256647616625,0.2594694681465626,3720,0.06325434148311615,5e-05,-0.6163897604681552,0.0080344435,0.19296875,0.1,,,
374,38.67,3565,30.682346230000004,214,765952,-0.011191455063817557,0.9888674383983016,0.2563802994089201,3730,0.04977024346590042,5e-05,-0.6118346096947789,0.007783467,0.1923828125,0.1,,,
375,36.93,3568,32.0592518,215,768000,-0.011050063503353158,0.9902740409597754,0.24756991504691542,3740,0.03299228847026825,5e-05,-0.5999808685854078,0.007123067,0.178662109375,0.1,,,
,,,,,770000,-0.012659590684052091,0.9917983748018742,0.22100460153305904,3750,0.03364167362451553,5e-05,-0.6122434680350125,0.008209771,0.21005859375,0.1,29.347812862518744,7.577342125877429,40.2
376,37.29,3572,32.77382662,215,770048,,,,,,,,,,,,,
377,37.5,3576,32.07015437,215,772096,-0.01188811672036536,0.9904230032116175,0.26225072133820504,3760,0.0452859103679657,5e-05,-0.5905929449014365,0.006299086,0.166259765625,0.1,,,
378,37.05,3579,30.604563479999996,216,774144,-0.01090422906272579,0.9908430241048336,0.25713654960272836,3770,0.04004780948162079,5e-05,-0.5850812306627631,0.0068795434,0.176416015625,0.1,,,
379,37.56,3582,31.64002747,216,776192,-0.013537244552571793,0.9856871124356985,0.27396664418047295,3780,0.018280182033777237,5e-05,-0.5877867716364562,0.009393994,0.18359375,0.1,,,
380,38.07,3586,32.60763337,217,778240,-0.012220226837234805,0.9921930585987866,0.23783436003141106,3790,0.050074659287929535,5e-05,-0.5945416651666164,0.007494373,0.193896484375,0.1,,,
,,,,,780000,-0.01096954327513231,0.9895000364631414,0.2967004434205592,3800,0.05052001774311066,5e-05,-0.6039977053180337,0.0068223905,0.168310546875,0.1,33.25003378880993,5.607018331502047,37.5
381,38.04,3589,30.515006329999995,217,780288,,,,,,,,,,,,,
382,37.44,3593,30.10001436,217,782336,-0.011120578524423764,0.9868310512974858,0.32952998981345444,3810,0.07569204270839691,5e-05,-0.582173662725836,0.0070445794,0.1779296875,0.1,,,
383,37.77,3596,30.730866789999997,218,784384,-0.010865608950552996,0.9885341105982661,0.29881141588557514,3820,0.04440595209598541,5e-05,-0.5914483513683081,0.008749053,0.188427734375,0.1,,,
384,37.98,3599,31.75143824,218,786432,-0.009702916207606905,0.98812067322433,0.25407608165405693,3830,0.0602131262421608,5e-05,-0.5755256918258965,0.0061633037,0.174951171875,0.1,,,
385,38.01,3603,31.753562459999994,218,788480,-0.01151319514392526,0.9878930449485779,0.28583825691603126,3840,0.04951096326112747,5e-05,-0.5949864042922854,0.006139345,0.173193359375,0.1,,,
,,,,,790000,-0.011051817203406245,0.9881287394091487,0.29819754930213094,3850,0.03300515562295914,5e-05,-0.5887571325525641,0.0075074513,0.1896484375,0.1,33.70291421441756,4.389723861273029,38.4
386,37.98,3607,30.853093920000003,219,790528,,,,,,,,,,,,,
387,37.23,3610,31.133121530000004,219,792576,-0.011396039300598204,0.9901517052203417,0.23684137350646778,3860,0.007138265296816826,5e-05,-0.5630133591592312,0.0075969994,0.179248046875,0.1,,,
388,37.41,3614,31.20866496,219,794624,-0.009865889116190374,0.9878579126670957,0.30765863752458245,3870,0.0982201099395752,5e-05,-0.5664145343936979,0.0061938623,0.171728515625,0.1,,,
389,38.1,3617,30.614030860000003,220,796672,-0.011085208249278366,0.9909395659342408,0.21332287448458373,3880,0.057225361466407776,5e-05,-0.5889898751862347,0.0066757575,0.18330078125,0.1,,,
390,37.68,3620,31.03153105,220,798720,-0.011231322829553391,0.9907665094360709,0.21714137881062925,3890,0.00654357485473156,5e-05,-0.5587628899142146,0.007866593,0.182861328125,0.1,,,
,,,,,800000,-0.010983760283852461,0.988075990229845,0.33643738768296316,3900,0.039814893156290054,5e-05,-0.5374618952162564,0.0070303413,0.15771484375,0.1,30.94929380650263,7.597073030964008,40.8
391,37.44,3624,31.0212237,220,800768,,,,,,,,,,,,,
392,37.92,3627,31.00410373,221,802816,-0.012299537092621904,0.9899225616827607,0.25116370851173997,3910,0.0566556416451931,5e-05,-0.5580966393463314,0.0075215586,0.179150390625,0.1,,,
393,38.46,3631,30.63270631,221,804864,-0.009541520286438754,0.9904260793700814,0.2251252441201359,3920,0.024058770388364792,5e-05,-0.578878135420382,0.0073626274,0.187548828125,0.1,,,
394,38.37,3634,30.59833278,222,806912,-0.011047041987330886,0.9894971661269665,0.27747210713569076,3930,0.0637928918004036,5e-05,-0.5669533416628838,0.0060080285,0.16640625,0.1,,,
395,38.37,3637,30.454505780000005,222,808960,-0.01083849464339437,0.9921878473833203,0.20789550790796058,3940,0.04061390087008476,5e-05,-0.554055389109999,0.0071090674,0.193603515625,0.1,,,
,,,,,810000,-0.010855972443096107,0.9889967814087868,0.2616506172576919,3950,0.06269455701112747,5e-05,-0.5761659956537187,0.0066947527,0.18603515625,0.1,33.31942815050378,4.344404444817164,38.7
396,37.56,3641,31.379553259999998,222,811008,,,,,,,,,,,,,
397,37.41,3644,31.462165310000003,223,813056,-0.011443612023140304,0.9901909455657005,0.2817558661103249,3960,0.043336719274520874,5e-05,-0.5627051539719105,0.0072790994,0.188037109375,0.1,,,
398,37.5,3648,31.913202969999997,223,815104,-0.011954118552239379,0.9881742522120476,0.3093490884872153,3970,0.029800821095705032,5e-05,-0.5526656991802156,0.0065487176,0.18125,0.1,,,
399,37.44,3651,33.089909559999995,223,817152,-0.01173149445821764,0.9884162079542875,0.3083413332002237,3980,0.02148025669157505,5e-05,-0.5600922535173595,0.008396135,0.1794921875,0.1,,,
400,37.86,3654,32.83789350000001,224,819200,-0.011020002615987323,0.9915341343730688,0.25131601230241357,3990,0.058089062571525574,5e-05,-0.5613660523667932,0.0074036266,0.1958984375,0.1,,,
,,,,,820000,-0.012497924064518884,0.9893210623413324,0.2683203054592013,4000,0.027425041422247887,5e-05,-0.579160375520587,0.008080699,0.1904296875,0.1,35.23845373215083,3.056352917816849,36.9
401,37.65,3658,31.807106949999998,224,821248,,,,,,,,,,,,,
402,37.8,3661,31.851995980000005,224,823296,-0.010264088921394432,0.9896100433543324,0.31686661881394684,4010,0.04814349487423897,5e-05,-0.5442612600512803,0.005843731,0.1609375,0.1,,,
403,38.61,3665,31.36470123,225,825344,-0.010582866679760628,0.9878530679270625,0.2895873391535133,4020,0.04787434637546539,5e-05,-0.5811862144619226,0.0072777206,0.187841796875,0.1,,,
404,38.04,3668,31.24890593,225,827392,-0.012935475715494249,0.9882099134847522,0.30867119941394777,4030,0.09079787135124207,5e-05,-0.5728329371660947,0.010203976,0.188134765625,0.1,,,
405,38.58,3672,30.931543849999997,225,829440,-0.01102190722740488,0.9902698574587703,0.26960824879352,4040,0.1044548749923706,5e-05,-0.5577307105995715,0.0068582296,0.185595703125,0.1,,,
,,,,,830000,-0.010404734162148089,0.9904936281964183,0.1880890461965464,4050,0.013386677950620651,5e-05,-0.5756955279968679,0.0120479865,0.219677734375,0.1,32.92527995524229,4.93028893540002,34.5
406,38.25,3675,31.246084619999998,226,831488,,,,,,,,,,,,,
407,37.77,3679,30.923112290000002,226,833536,-0.011428560910280794,0.9914357652887702,0.2279486116953194,4060,0.02082369476556778,5e-05,-0.5571916786953807,0.007681139,0.1849609375,0.1,,,
408,37.86,3682,30.71532303,226,835584,-0.01138966391372378,0.9905758518725634,0.2470510600367561,4070,0.0968513935804367,5e-05,-0.5755255716852844,0.0076077506,0.183203125,0.1,,,
409,37.8,3685,30.59254401,227,837632,-0.011349302959570196,0.9897595690563321,0.24116616854444145,4080,0.05215957388281822,5e-05,-0.5740452855825424,0.008084087,0.1958984375,0.1,,,
410,36.57,3689,31.0670659,227,839680,-0.01043561931583099,0.9899278311058879,0.278262380301021,4090,0.053433001041412354,5e-05,-0.5813792949542403,0.007590185,0.18662109375,0.1,,,
,,,,,840000,-0.008821489677939099,0.9897476388141513,0.2734644538257271,4100,0.05758758634328842,5e-05,-0.5311290985904634,0.007839393,0.171337890625,0.1,32.17248432398388,10.161474186159836,38.1
411,36.21,3692,31.523998419999998,227,841728,,,,,,,,,,,,,
412,37.14,3696,31.048794419999993,228,843776,-0.011435888086271006,0.9879616359248757,0.2775915952399373,4110,0.03149469196796417,5e-05,-0.5752883449196815,0.0072999615,0.180322265625,0.1,,,
413,36.99,3699,30.802608130000007,228,845824,-0.010820975826936774,0.9896355904638767,0.2895367536460981,4120,0.03267333656549454,5e-05,-0.5239286719821393,0.008276815,0.17822265625,0.1,,,
414,37.05,3702,31.622287939999996,228,847872,-0.010058810020564125,0.9894041484221816,0.28340200867969545,4130,0.09180578589439392,5e-05,-0.558416451793164,0.009559433,0.19140625,0.1,,,
415,37.2,3706,31.801964110000004,229,849920,-0.01264012317697052,0.9905184116214514,0.2607181819854304,4140,0.08726141601800919,5e-05,-0.553329955227673,0.0092886,0.201123046875,0.1,,,
,,,,,850000,-0.009960218282503774,0.9886365225538611,0.3312089934246615,4150,0.0697302594780922,5e-05,-0.5662293231114746,0.0071252743,0.161474609375,0.1,28.827995555704327,8.176538516773316,37.8
416,37.83,3710,32.05658062,229,851968,,,,,,,,,,,,,
417,37.26,3713,31.838126800000005,229,854016,-0.011751009519502986,0.9889292409643531,0.27767973507288846,4160,0.04226238280534744,5e-05,-0.569012591894716,0.008472356,0.19677734375,0.1,,,
418,37.02,3716,31.716465780000004,230,856064,-0.01005875692499103,0.990824157372117,0.23500802774215118,4170,0.03721901774406433,5e-05,-0.5430359150283038,0.007127292,0.183544921875,0.1,,,
419,37.77,3719,32.009821190000004,230,858112,-0.01009067268751096,0.9894370241090655,0.28173718608450143,4180,0.11707662791013718,5e-05,-0.5428978835232556,0.0073419595,0.189306640625,0.1,,,
,,,,,860000,-0.009768298016570042,0.9906564140692353,0.22161074810428544,4190,0.061430394649505615,5e-05,-0.5352874198928476,0.008473337,0.182763671875,0.1,32.55831965132307,7.33174253479474,35.1
420,38.43,3723,31.088803329999998,230,860160,,,,,,,,,,,,,
421,37.26,3726,30.40037176,231,862208,-0.009908720816019923,0.9888006616383791,0.29375809340272097,4200,0.043812528252601624,5e-05,-0.545333643630147,0.008333551,0.173046875,0.1,,,
422,37.14,3730,30.83203127,231,864256,-0.012661651788948802,0.989211025647819,0.22909330067923292,4210,0.047567229717969894,5e-05,-0.5376456785947085,0.009573409,0.198583984375,0.1,,,
423,37.17,3733,31.076408259999997,232,866304,-0.010647824412444606,0.9924055952578783,0.240642639354337,4220,0.013436317443847656,5e-05,-0.5503751952201128,0.008418523,0.195654296875,0.1,,,
424,38.34,3736,31.520941679999996,232,868352,-0.011705462147074287,0.9924744833260775,0.1992889885324985,4230,0.04052130877971649,5e-05,-0.5138035219162702,0.008062044,0.194677734375,0.1,,,
,,,,,870000,-0.010232685293158284,0.9864493813365698,0.35810693432576957,4240,0.06636738777160645,5e-05,-0.5372704978100955,0.007768907,0.1771484375,0.1,32.966546372272994,4.868595694556037,36.3
425,38.13,3740,31.72803351,232,870400,,,,,,,,,,,,,
426,38.22,3743,30.798667419999997,233,872448,-0.012098586998035898,0.9901041444391012,0.20636116581736133,4250,0.027190253138542175,5e-05,-0.5578322117216885,0.009080585,0.20302734375,0.1,,,
427,37.62,3747,31.339156340000002,233,874496,-0.012908407605573302,0.9908940838649869,0.2180587323498912,4260,0.04505540430545807,5e-05,-0.5908292059786617,0.009864505,0.213427734375,0.1,,,
428,36.42,3750,31.913803669999997,233,876544,-0.01033020191680407,0.9889430720359087,0.25322696451330556,4270,0.021007077768445015,5e-05,-0.5463699661195278,0.009287761,0.189697265625,0.1,,,
429,35.91,3753,31.665173160000005,234,878592,-0.010184641527303029,0.9903661580756307,0.22333419445203617,4280,0.05249573290348053,5e-05,-0.5532061019912362,0.0100502465,0.186376953125,0.1,,,
,,,,,880000,-0.0108082589606056,0.9878079146146774,0.300387255102396,4290,0.0777939036488533,5e-05,-0.544911069702357,0.007357911,0.199853515625,0.1,32.80594396483225,5.999931087557372,37.5
430,37.35,3757,31.250704020000004,234,880640,,,,,,,,,,,,,
431,37.29,3761,31.34016791,234,882688,-0.01188561546296114,0.9884292455390096,0.27221693750470877,4300,0.04688424989581108,5e-05,-0.5655284758657217,0.008368757,0.180859375,0.1,,,
432,37.5,3764,31.48802988,235,884736,-0.011015973113535438,0.9894232638180256,0.25310831897659225,4310,0.07921221107244492,5e-05,-0.5303728164173662,0.007914177,0.185498046875,0.1,,,
433,38.61,3767,31.805934280000006,235,886784,-0.010667877255764324,0.9895544685423374,0.23659512689337134,4320,0.06399984657764435,5e-05,-0.5472627934999764,0.009103607,0.2041015625,0.1,,,
434,38.31,3771,31.556251039999996,235,888832,-0.008404380647698417,0.985292493365705,0.2825306605082005,4330,0.02440551668405533,5e-05,-0.5559858830645681,0.010254549,0.2134765625,0.1,,,
,,,,,890000,-0.010234404215589165,0.9861806910485029,0.3563643934438005,4340,0.09065192192792892,5e-05,-0.5469743370078504,0.007394481,0.177587890625,0.1,33.874381247424935,4.749529590250664,38.4
435,37.26,3774,31.540405050000004,236,890880,,,,,,,,,,,,,
436,38.07,3778,30.891149170000002,236,892928,-0.010831449307443109,0.9887383002787828,0.26566500432090834,4350,0.05435226112604141,5e-05,-0.536822734773159,0.007939916,0.189306640625,0.1,,,
437,38.58,3781,31.075688109999998,236,894976,-0.008599370533192995,0.9863199116662145,0.3131404699292034,4360,0.0383533239364624,5e-05,-0.5746951115317642,0.008737309,0.187548828125,0.1,,,
438,38.43,3784,31.472212129999992,237,897024,-0.010040691061294637,0.9901010934263468,0.21445400725351646,4370,0.013953305780887604,5e-05,-0.5741844559088349,0.009773767,0.2119140625,0.1,,,
439,38.52,3788,30.897866000000008,237,899072,-0.010425255932204891,0.9882691595703363,0.2229527620249428,4380,0.03206421062350273,5e-05,-0.5664737081155181,0.008377273,0.188330078125,0.1,,,
,,,,,900000,-0.011898783262586221,0.9881558455526829,0.34085462272632866,4390,0.07876107841730118,5e-05,-0.5485019723884761,0.00823156,0.17880859375,0.1,33.0231798913734,4.630357602559667,40.5
440,38.22,3792,30.76492699,237,901120,,,,,,,,,,,,,
441,37.89,3795,30.345905030000004,237,903168,-0.011978273405111395,0.9897006182000041,0.26138711330713704,4400,0.04911693185567856,5e-05,-0.5549842528998852,0.009186009,0.200927734375,0.1,,,
442,38.25,3798,30.699770529999995,238,905216,-0.010383433329116088,0.9846308073028922,0.33184210744220766,4410,0.06423529982566833,5e-05,-0.5665037075988948,0.008104507,0.198046875,0.1,,,
443,38.4,3802,31.020735820000006,238,907264,-0.01131752676301403,0.9908287758007646,0.21804449441842735,4420,0.026050610467791557,5e-05,-0.5537704031914472,0.00946473,0.2142578125,0.1,,,
444,37.92,3805,31.396964460000003,238,909312,-0.009431700885033933,0.9884623400866985,0.29074325289111586,4430,0.18727529048919678,5e-05,-0.5662278268486262,0.009319872,0.18466796875,0.1,,,
,,,,,910000,-0.013368583082046826,0.9920653738081455,0.20325499628670513,4440,0.04042058438062668,5e-05,-0.5633834192529321,0.011463394,0.226806640625,0.1,31.58229909770686,4.712308556168412,39.0
445,37.5,3809,30.93971697,239,911360,,,,,,,,,,,,,
446,38.79,3812,29.68062799,239,913408,-0.012863555864896625,0.9880390865728259,0.3014498837525025,4450,0.04416573792695999,5e-05,-0.5696388400159776,0.008062149,0.19443359375,0.1,,,
447,38.7,3815,30.90875305,239,915456,-0.010495556016394403,0.9862869996577501,0.3409225282724947,4460,0.05640154704451561,5e-05,-0.5484152590855956,0.007503073,0.192822265625,0.1,,,
448,36.63,3819,32.10531598,240,917504,-0.009896801873401273,0.9870431944727898,0.34655467341654,4470,0.026611648499965668,5e-05,-0.5244062410667538,0.009285962,0.173583984375,0.1,,,
449,38.07,3822,32.00924136,240,919552,-0.009439405280863867,0.9906607884913683,0.2322358086705208,4480,0.05030260980129242,5e-05,-0.5312478934414685,0.009203135,0.19892578125,0.1,,,
,,,,,920000,-0.011598889893502929,0.9903404107317328,0.2639849203638732,4490,0.060058437287807465,5e-05,-0.5389851488173008,0.008999779,0.20380859375,0.1,32.714520800558674,4.7763795281183,39.3
450,37.38,3826,31.914687569999998,240,921600,,,,,,,,,,,,,
451,37.56,3829,31.74968867,241,923648,-0.011350286275410326,0.9903248650953174,0.2190767175401561,4500,0.01985398307442665,5e-05,-0.552664619218558,0.009981694,0.21767578125,0.1,,,
452,39.03,3833,30.96155225,241,925696,-0.012622276091133245,0.9909448679536581,0.2271555999876,4510,0.04016619175672531,5e-05,-0.5444404661655426,0.00874905,0.1982421875,0.1,,,
453,39.12,3836,30.43521434,241,927744,-0.009875325256143697,0.991078027524054,0.20987836584681646,4520,0.01713211089372635,5e-05,-0.5357500369660556,0.0078106625,0.194384765625,0.1,,,
454,38.64,3839,31.179200639999998,242,929792,-0.009916315251030029,0.9898818824440241,0.2636935337679461,4530,0.03722842037677765,5e-05,-0.5356510154902935,0.008825602,0.186474609375,0.1,,,
,,,,,930000,-0.011332340988883517,0.9907662412151694,0.22288424125872552,4540,0.04186023026704788,5e-05,-0.5377243353053928,0.010226721,0.193017578125,0.1,31.660006607481147,5.341569088591476,35.4
455,37.92,3843,32.089795529999996,242,931840,,,,,,,,,,,,,
456,37.29,3847,33.24219608000001,242,933888,-0.011007882771082222,0.9941674307920039,0.16587058431468904,4550,0.029932834208011627,5e-05,-0.5347644936293363,0.00838857,0.192333984375,0.1,,,
457,37.53,3850,31.615245169999998,243,935936,-0.010848541927407496,0.9929257906042039,0.2120309069287032,4560,0.05328086018562317,5e-05,-0.5290952058508992,0.009463005,0.19873046875,0.1,,,
458,38.19,3853,30.517495710000002,243,937984,-0.012596690794453025,0.9820170179009438,0.33055841757450255,4570,0.056767627596855164,5e-05,-0.5408038416877389,0.008601449,0.197412109375,0.1,,,
,,,,,940000,-0.0109544597871718,0.9880583640187979,0.3103601740906015,4580,0.06247754395008087,5e-05,-0.5595564459450543,0.008458156,0.180322265625,0.1,30.664402563385362,6.8548911601557245,41.4
459,37.05,3857,30.618894620000003,243,940032,,,,,,,,,,,,,
460,37.41,3860,31.440056940000005,244,942080,-0.01196361805050401,0.9856470478698611,0.3305493871681392,4590,0.05118826776742935,5e-05,-0.5376139826141297,0.008179903,0.168017578125,0.1,,,
461,38.01,3864,31.518325889999996,244,944128,-0.012242852619237965,0.986990187317133,0.23094081931049004,4600,0.017901048064231873,5e-05,-0.5740170641802251,0.009824831,0.198095703125,0.1,,,
462,38.79,3867,31.39283266,244,946176,-0.009442982960899826,0.9854026352986693,0.4018578566610813,4610,0.057799722999334335,5e-05,-0.5614001028239727,0.0075429613,0.18818359375,0.1,,,
463,38.43,3871,31.809828630000002,244,948224,-0.010425690369447693,0.990061804652214,0.2602669833227992,4620,0.06238458678126335,5e-05,-0.5710931216366589,0.008536685,0.2046875,0.1,,,
,,,,,950000,-0.010146406674175523,0.9866465004161,0.3460156395100057,4630,0.07223938405513763,5e-05,-0.5368288977071642,0.008218493,0.17392578125,0.1,32.60419627002024,4.784831288128676,40.8
464,37.38,3874,32.14320842,245,950272,,,,,,,,,,,,,
465,37.11,3878,32.60504962,245,952320,-0.010694343189243227,0.9888578848913312,0.31852470443118364,4640,0.05382009595632553,5e-05,-0.5490123592317104,0.008376776,0.177490234375,0.1,,,
466,37.29,3881,31.43185229,245,954368,-0.011415141942416085,0.9876302154734731,0.321356593281962,4650,0.060950033366680145,5e-05,-0.5554166142828763,0.009419571,0.21220703125,0.1,,,
467,37.95,3884,30.77183309,246,956416,-0.012821529761276906,0.9864296969026327,0.2725573825184256,4660,0.054994136095047,5e-05,-0.5672523262910545,0.0084599275,0.194384765625,0.1,,,
468,38.55,3888,31.799957919999997,246,958464,-0.012390947896346916,0.990687265060842,0.2263866528403014,4670,0.049013860523700714,5e-05,-0.5365139164961874,0.010253372,0.230029296875,0.1,,,
,,,,,960000,-0.01069190330526908,0.9851968176662922,0.34629510664381086,4680,0.030270755290985107,5e-05,-0.5557826241478324,0.0087333135,0.212841796875,0.1,33.61267225876927,5.371605009140643,35.7
469,37.86,3891,31.884654790000003,246,960512,,,,,,,,,,,,,
470,37.26,3895,31.742585469999998,247,962560,-0.010649369250313612,0.9879298731684685,0.22712888920214028,4690,0.035002000629901886,5e-05,-0.5459426317363978,0.00951332,0.2166015625,0.1,,,
471,38.16,3898,31.9363543,247,964608,-0.009917943651089445,0.9872100120410323,0.2775462399702519,4700,0.04194788262248039,5e-05,-0.5439737305045128,0.009379063,0.1927734375,0.1,,,
472,36.75,3901,32.3336588,247,966656,-0.012161589735478628,0.9890889776870608,0.2911140212789178,4710,0.0393986776471138,5e-05,-0.5200643597170711,0.009260591,0.18662109375,0.1,,,
473,36.45,3905,32.91453007,248,968704,-0.010090424583904679,0.990001960657537,0.25566348338034006,4720,0.07924249768257141,5e-05,-0.5122622949071228,0.008184192,0.19111328125,0.1,,,
,,,,,970000,-0.010590494963980745,0.9924017796292901,0.17319164862856268,4730,0.01946610026061535,5e-05,-0.5188140897080302,0.0074753836,0.1876953125,0.1,33.401265949912,4.467572977824391,39.0
474,37.44,3909,31.96836549,248,970752,,,,,,,,,,,,,
475,37.62,3912,31.52947915,248,972800,-0.010023438491043635,0.990621343255043,0.246555707231164,4740,0.06782860308885574,5e-05,-0.5438060970045626,0.008136157,0.185791015625,0.1,,,
476,38.1,3915,32.45411575000001,248,974848,-0.010203930590796518,0.991311676800251,0.21974006720120087,4750,0.016655221581459045,5e-05,-0.5318323100917042,0.0076569887,0.185888671875,0.1,,,
477,38.19,3919,31.989377370000007,249,976896,-0.009067671714728932,0.9900537170469761,0.2731361778918654,4760,0.04509638249874115,5e-05,-0.5303732020780444,0.00921637,0.1748046875,0.1,,,
478,37.86,3922,32.18768337,249,978944,-0.01139973880854086,0.9893920002505183,0.26295376507332546,4770,0.05084819346666336,5e-05,-0.5205919808708132,0.008023199,0.17568359375,0.1,,,
,,,,,980000,-0.01070484968222445,0.9897640906274319,0.25112481153337285,4780,0.011507011950016022,5e-05,-0.5002439135685564,0.010713575,0.183544921875,0.1,28.582432100494447,11.2659392525825,39.6
479,38.52,3926,32.528615009999996,249,980992,,,,,,,,,,,,,
480,38.67,3929,32.340339969999995,250,983040,-0.012117620295612141,0.9900093283504248,0.23946842051809653,4790,0.04941058158874512,5e-05,-0.529555912129581,0.008192833,0.1822265625,0.1,,,
481,37.71,3932,31.453033330000004,250,985088,-0.012045515338832047,0.9909312473610044,0.22421212951885536,4800,0.0249863862991333,5e-05,-0.5261625545099378,0.008897012,0.20146484375,0.1,,,
482,37.83,3936,31.67842449999999,250,987136,-0.010919636079051998,0.987374815158546,0.27251102703157815,4810,0.019395753741264343,5e-05,-0.5092848155647516,0.010731873,0.188134765625,0.1,,,
483,37.92,3939,32.2795065,251,989184,-0.011648185207741335,0.9911613389849663,0.24452476686565205,4820,0.05953627824783325,5e-05,-0.5418251822702587,0.009326672,0.2021484375,0.1,,,
,,,,,990000,-0.010364040549757193,0.9895107904449105,0.25699130082502963,4830,0.06288813799619675,5e-05,-0.5245891714468598,0.007818453,0.196630859375,0.1,32.64770445344285,6.745692959526991,37.2
484,36.93,3943,31.92561417,251,991232,,,,,,,,,,,,,
485,36.66,3946,31.486840179999998,251,993280,-0.010615553837851621,0.9887474505230784,0.2607601403724402,4840,0.06372237950563431,5e-05,-0.5126058827154338,0.008126639,0.176318359375,0.1,,,
486,37.77,3950,31.096933060000005,251,995328,-0.01113458071486093,0.989663421176374,0.22433685797732322,4850,0.05023832246661186,5e-05,-0.5026312904432416,0.008966273,0.183544921875,0.1,,,
487,37.41,3953,31.853765419999995,252,997376,-0.01122848365776008,0.9903371566906571,0.1987100546597503,4860,0.04430492967367172,5e-05,-0.5213479664176702,0.008098967,0.1908203125,0.1,,,
488,37.38,3956,32.29934418,252,999424,-0.009003266996296588,0.9933414864353836,0.17858119641896336,4870,0.018068408593535423,5e-05,-0.5085671404376626,0.00825779,0.19384765625,0.1,,,
,,,,,1000000,-0.011990731617697748,0.990776302292943,0.21742717882152646,4880,0.037930913269519806,5e-05,-0.5136729698628187,0.009866174,0.204638671875,0.1,32.99307120882473,6.218291932124795,36.6
489,37.8,3960,32.32705369,252,1001472,,,,,,,,,,,,,
