time/iterations,time/time_elapsed,time/total_timesteps,rollout/ep_rew_mean,rollout/ep_len_mean,time/fps,train/clip_fraction,train/explained_variance,train/value_loss,train/approx_kl,train/n_updates,train/policy_gradient_loss,train/loss,train/learning_rate,train/entropy_loss,train/clip_range,eval/mean_reward,eval/mean_ep_length,eval/std_reward
1,2,2048,19.172553339285717,36.32142857142857,908,,,,,,,,,,,,,
2,6,4096,18.15244089,37.41,666,0.002978515625,-0.019034862518310547,89.87283669710159,0.00350516,10,-0.0056917889749456664,39.6900749206543,5e-05,-1.9468990117311478,0.2,,,
3,9,6144,17.66214213,38.91,618,0.02080078125,0.11445647478103638,78.96651266813278,0.007872803,20,-0.010161450380110182,38.80426788330078,5e-05,-1.9346582926809788,0.2,,,
4,13,8192,16.91821623,37.86,613,0.0,0.15181630849838257,105.43295741081238,0.0014358386,30,-0.0038845306589792017,89.14662170410156,5e-05,-1.8986084256321192,0.2,,,
,,10000,,,,0.0,0.2933962345123291,77.42658824920655,0.0022390895,40,-0.004283925548952539,29.2999324798584,5e-05,-1.9329710379242897,0.2,21.210334804084802,35.4,11.4598354059218
5,17,10240,20.962433849999996,37.5,594,,,,,,,,,,,,,
6,20,12288,24.025606970000002,37.23,590,0.015869140625,0.17358362674713135,72.87233397960662,0.007154713,50,-0.008374698589614126,34.85525894165039,5e-05,-1.8799304835498334,0.2,,,
7,24,14336,23.397710040000003,37.62,589,0.005908203125,0.15237730741500854,93.83393868207932,0.004330339,60,-0.006370871085528052,36.65496826171875,5e-05,-1.8981121741235256,0.2,,,
8,27,16384,27.230490319999998,37.17,590,0.0015625,0.24950635433197021,73.7006497502327,0.0029871645,70,-0.004246684900863329,30.998462677001953,5e-05,-1.9199939362704754,0.2,,,
9,31,18432,30.552423830000002,37.11,590,0.02744140625,0.10404622554779053,89.60705095529556,0.008028528,80,-0.007036347607936477,53.277462005615234,5e-05,-1.8928222201764584,0.2,,,
,,20000,,,,0.0197265625,0.09065514802932739,58.008363807201384,0.0077509107,90,-0.00891879315895494,25.60369873046875,5e-05,-1.8903115130960941,0.2,10.734775641025639,39.3,7.5958341154322015
10,35,20480,27.1377741,37.89,583,,,,,,,,,,,,,
11,38,22528,27.84135216,37.17,584,0.0001953125,0.37271028757095337,56.46152311563492,0.002789615,100,-0.004676495738385711,25.82904052734375,5e-05,-1.830557657405734,0.2,,,
12,41,24576,29.98334629,37.59,586,0.006982421875,0.22139239311218262,76.16138142347336,0.0055715423,110,-0.006737947002693545,36.458744049072266,5e-05,-1.8169011667370796,0.2,,,
13,45,26624,30.570635490000004,38.28,587,0.003564453125,0.27134042978286743,61.27008073925972,0.003474954,120,-0.005289775418714271,26.985010147094727,5e-05,-1.827349116280675,0.2,,,
14,48,28672,31.72855708,38.1,588,0.012890625,0.15730029344558716,59.516421884298325,0.0058875806,130,-0.008311719049379463,28.74287986755371,5e-05,-1.8234496530145408,0.2,,,
,,30000,,,,0.053271484375,0.2549768090248108,46.43781850934029,0.008348681,140,-0.011576307140057907,19.691246032714844,5e-05,-1.7911519747227431,0.2,12.625526067070187,40.2,14.038119537825407
15,52,30720,31.98240807,37.83,583,,,,,,,,,,,,,
16,56,32768,34.09026212,37.32,583,0.010791015625,0.20187628269195557,43.00136724114418,0.0034346117,150,-0.006069972820114344,10.772564888000488,5e-05,-1.7908153165131808,0.2,,,
17,59,34816,35.95006304,37.56,583,0.001513671875,0.23470473289489746,53.50469065308571,0.0027485816,160,-0.005264508226537146,24.55368995666504,5e-05,-1.7893443416804076,0.2,,,
18,63,36864,34.297185060000004,38.19,581,0.016943359375,0.2533993721008301,42.6697754740715,0.0060971547,170,-0.009567486920423108,17.55721092224121,5e-05,-1.7810416094958783,0.2,,,
19,67,38912,33.137351759999994,38.31,572,0.010302734375,0.27966099977493286,36.961920434236525,0.004850027,180,-0.0075059740105643865,15.299962043762207,5e-05,-1.7494617898017168,0.2,,,
,,40000,,,,0.02216796875,0.3195330500602722,35.04868869185448,0.005958599,190,-0.00860730578424409,8.929896354675293,5e-05,-1.754641181603074,0.2,24.261215255332903,40.8,8.279303809712632
20,72,40960,35.264605,38.97,566,,,,,,,,,,,,,
21,76,43008,37.19298159,38.49,561,0.037060546875,0.3525313138961792,34.67641052007675,0.0085684955,200,-0.009821860620286315,11.273761749267578,5e-05,-1.68675346262753,0.2,,,
22,80,45056,35.778813219999996,38.13,560,0.00087890625,0.3027172088623047,44.835362708568574,0.0024746791,210,-0.0046670655880006965,20.437725067138672,5e-05,-1.6693897277116776,0.2,,,
23,83,47104,37.15252909,38.34,561,0.01494140625,0.2220204472541809,27.164885053038596,0.0060803965,220,-0.008102947050792864,12.160399436950684,5e-05,-1.6460894025862216,0.2,,,
24,87,49152,38.79613695,38.58,563,0.005517578125,0.35382580757141113,36.21273205578327,0.0049975887,230,-0.00617889976783772,5.132279396057129,5e-05,-1.687304624542594,0.2,,,
,,50000,,,,0.00107421875,0.323750376701355,35.23160605430603,0.0020434642,240,-0.005481878589489497,13.40194320678711,5e-05,-1.6432118512690068,0.2,30.32321428571429,41.1,9.67432513390809
25,90,51200,39.47257029,38.04,563,,,,,,,,,,,,,
26,94,53248,38.87779844,38.4,564,0.01787109375,0.315177857875824,32.406703904271126,0.004005754,250,-0.009962836792692543,13.833928108215332,5e-05,-1.6322118572890758,0.2,,,
27,97,55296,39.108780890000006,37.56,566,0.018896484375,0.358411967754364,25.82655199766159,0.005671329,260,-0.009170214562618639,9.262198448181152,5e-05,-1.6580027487128972,0.2,,,
28,100,57344,41.03793919999999,38.61,568,0.01533203125,0.3496171236038208,30.97677672505379,0.005952329,270,-0.0102834146891837,19.732158660888672,5e-05,-1.5748488184064626,0.2,,,
29,104,59392,41.14632786,38.82,569,0.01318359375,0.3685864806175232,24.126929941773415,0.0048007453,280,-0.009955003674258478,7.734665393829346,5e-05,-1.5954054392874242,0.2,,,
,,60000,,,,0.01513671875,0.42318928241729736,24.72973976433277,0.00367486,290,-0.010173015516193118,4.108883380889893,5e-05,-1.566499413177371,0.2,29.5953125,39.9,4.467526237424746
30,108,61440,40.489903870000006,37.65,566,,,,,,,,,,,,,
31,112,63488,41.519328890000004,37.26,565,0.002880859375,0.4047573208808899,24.17763928771019,0.0027737767,300,-0.006358707499020966,8.84212589263916,5e-05,-1.5623007744550705,0.2,,,
32,115,65536,41.98117276,36.66,565,0.050146484375,0.443179190158844,23.076953753829002,0.007078781,310,-0.01244114424334839,9.893366813659668,5e-05,-1.5756682097911834,0.2,,,
33,119,67584,41.52820686999999,36.63,565,0.0056640625,0.40916329622268677,21.270948499441147,0.0034618876,320,-0.00752824867668096,10.715681076049805,5e-05,-1.5251489654183388,0.2,,,
34,123,69632,42.32928007999999,36.51,565,0.0265625,0.453952431678772,18.112138845026493,0.0065380167,330,-0.011313528024038533,7.763016223907471,5e-05,-1.5478786379098892,0.2,,,
,,70000,,,,0.023779296875,0.4878341555595398,15.139355339109898,0.0069970326,340,-0.010589697513205465,5.311820030212402,5e-05,-1.5368508774787188,0.2,33.71971916971917,36.6,6.7411129281790245
35,127,71680,43.25835302999999,37.08,562,,,,,,,,,,,,,
36,131,73728,44.81631383999999,37.62,562,0.008642578125,0.521057665348053,18.631244333088397,0.004196211,350,-0.008942532827495598,10.809576034545898,5e-05,-1.5270432319492102,0.2,,,
37,134,75776,45.17171948,37.53,562,0.0076171875,0.5507670640945435,16.420475950837137,0.0053561023,360,-0.00896252777929476,3.9191195964813232,5e-05,-1.5233423657715321,0.2,,,
38,138,77824,45.064039269999995,37.32,561,0.047509765625,0.6353601515293121,11.481556627899408,0.006931822,370,-0.01450403362250654,5.048600196838379,5e-05,-1.511580941081047,0.2,,,
39,142,79872,44.26477485,37.14,561,0.0119140625,0.563084214925766,11.861505893617869,0.004168804,380,-0.010546160000376403,2.7807672023773193,5e-05,-1.4861094653606415,0.2,,,
,,80000,,,,0.0236328125,0.5815912783145905,10.176780277490616,0.0059789866,390,-0.012731716441339812,4.9650750160217285,5e-05,-1.5113940674811601,0.2,32.0572046009546,36.3,10.500158405746182
40,146,81920,44.97709467,36.3,559,,,,,,,,,,,,,
41,150,83968,45.01387777,36.39,559,0.032421875,0.606376051902771,9.405364622175693,0.0076001063,400,-0.014429662466864102,5.602996826171875,5e-05,-1.5139438588172198,0.2,,,
42,154,86016,45.399479359999994,37.98,557,0.016943359375,0.625954806804657,8.689000768959522,0.004023128,410,-0.009713297366397455,4.734996318817139,5e-05,-1.555124692991376,0.2,,,
43,158,88064,46.22091264000001,37.89,557,0.009326171875,0.6216402947902679,10.510959591716528,0.0038495848,420,-0.011215933207859052,1.4986587762832642,5e-05,-1.558360706269741,0.2,,,
,,90000,,,,0.024462890625,0.6152840852737427,9.352931178361178,0.0064864876,430,-0.01338377257779939,3.0293195247650146,5e-05,-1.5373021066188812,0.2,49.775874125874125,36.9,3.9435096912135563
44,162,90112,46.90310908000001,37.62,554,,,,,,,,,,,,,
45,166,92160,47.40517314999999,38.1,553,0.02353515625,0.6753917932510376,7.088790675252676,0.006360473,440,-0.012308856510207989,2.744793176651001,5e-05,-1.5145285416394472,0.2,,,
46,170,94208,46.565767140000005,38.04,553,0.015966796875,0.6681641340255737,8.310643692687155,0.0052919956,450,-0.012849092994292733,3.157069444656372,5e-05,-1.5084962885826827,0.2,,,
47,174,96256,45.93306087999999,37.59,552,0.01982421875,0.6209384799003601,5.3835052665323015,0.0050435206,460,-0.01153856704113423,1.5154691934585571,5e-05,-1.4933879550546407,0.2,,,
48,178,98304,45.99630094,37.47,551,0.035009765625,0.7026964128017426,6.49808119609952,0.006703092,470,-0.015417147937841946,2.0877084732055664,5e-05,-1.517469533160329,0.2,,,
,,100000,,,,0.027392578125,0.5742494165897369,6.992164435237646,0.006646258,480,-0.014029331352503505,2.7634453773498535,5e-05,-1.5196670569479465,0.2,42.829425782550786,37.8,6.2995269665667974
49,182,100352,45.143040600000006,37.86,549,,,,,,,,,,,,,
50,186,102400,46.303648249999995,37.65,548,0.023583984375,0.6769638955593109,4.8718710787594315,0.004670731,490,-0.014257614004600327,0.8893555402755737,5e-05,-1.5073015686124562,0.2,,,
51,190,104448,47.47191624,37.89,548,0.03095703125,0.7118147909641266,5.918841548636555,0.008325559,500,-0.015451132254383992,2.906601905822754,5e-05,-1.4930552754551172,0.2,,,
52,194,106496,48.05033981000001,37.56,547,0.0318359375,0.7286279499530792,6.289324882999063,0.0062293406,510,-0.016677245145547203,1.748496174812317,5e-05,-1.4266126375645398,0.2,,,
53,198,108544,48.21035588999999,38.25,546,0.03974609375,0.767888993024826,4.152736596390605,0.0072958427,520,-0.017601086943614064,1.4145890474319458,5e-05,-1.4265691846609116,0.2,,,
,,110000,,,,0.022802734375,0.7348348796367645,4.722414709068834,0.005165618,530,-0.01448948008037405,0.9852093458175659,5e-05,-1.4575127657502889,0.2,51.9583530440148,37.5,4.085854530051592
54,202,110592,48.19198326000001,36.57,545,,,,,,,,,,,,,
55,206,112640,48.089666799999996,36.39,544,0.020263671875,0.6999778747558594,5.209918644279242,0.0046677594,540,-0.013874810207198607,1.4622026681900024,5e-05,-1.4300208996981383,0.2,,,
56,210,114688,48.76032087999999,37.2,544,0.030126953125,0.7314927875995636,4.7323057603091,0.006118417,550,-0.01720305129274493,1.2021870613098145,5e-05,-1.4184474792331456,0.2,,,
57,214,116736,48.82385972999999,37.83,544,0.0400390625,0.8229929804801941,3.0271531963720917,0.006007422,560,-0.01931434464058839,2.183171510696411,5e-05,-1.4173707224428653,0.2,,,
58,217,118784,49.472566439999994,37.44,544,0.058935546875,0.7541790157556534,4.004323942959308,0.008148984,570,-0.02014895817846991,0.9544479846954346,5e-05,-1.3854909501969814,0.2,,,
,,120000,,,,0.0263671875,0.7159640789031982,5.244268569722772,0.006805798,580,-0.017277267324971035,1.572625756263733,5e-05,-1.3711200948804616,0.2,52.10126123876124,36.3,2.047838711084111
59,221,120832,48.96219185999999,36.78,544,,,,,,,,,,,,,
60,225,122880,48.0464992,37.86,544,0.032861328125,0.7177391648292542,4.337899217754602,0.0075848443,590,-0.01819828479856369,1.0017670392990112,5e-05,-1.3394164949655534,0.2,,,
61,229,124928,49.19579959000001,38.19,544,0.034375,0.7271471619606018,4.197817087545991,0.00596786,600,-0.016207681462401525,1.0838667154312134,5e-05,-1.3584264066070317,0.2,,,
62,233,126976,49.768137870000004,37.95,543,0.03623046875,0.7119130790233612,4.386275919526815,0.0074298475,610,-0.019440684899745975,0.5994328260421753,5e-05,-1.3640780340880156,0.2,,,
63,237,129024,48.93149518999999,38.25,543,0.033251953125,0.7801628261804581,3.424824158847332,0.006536354,620,-0.017643863416742532,0.8660808205604553,5e-05,-1.3558679230511188,0.2,,,
,,130000,,,,0.060498046875,0.6442178189754486,4.0800509914755825,0.008317621,630,-0.019574124219070656,0.8615779876708984,5e-05,-1.3208342470228671,0.2,52.4029141610024,39.9,2.7991175704640328
64,241,131072,48.60591649999999,38.19,542,,,,,,,,,,,,,
65,245,133120,50.04038046000001,38.01,543,0.042578125,0.7853032797574997,2.937528089620173,0.0068829176,640,-0.018314280673803297,0.7791606187820435,5e-05,-1.2977300178259612,0.2,,,
66,248,135168,51.34798156,38.1,544,0.035693359375,0.7657573521137238,4.106155650503934,0.0065474547,650,-0.016165080832433888,0.8888622522354126,5e-05,-1.249054005369544,0.2,,,
67,252,137216,49.70539076,37.95,544,0.0640625,0.8077896237373352,2.845853510685265,0.008793978,660,-0.020955165733539616,0.41088876128196716,5e-05,-1.2514870341867208,0.2,,,
68,255,139264,49.162399510000014,38.49,544,0.04443359375,0.7547585517168045,2.9738530967384578,0.007558174,670,-0.019138327772088813,0.49782073497772217,5e-05,-1.260576656088233,0.2,,,
,,140000,,,,0.04296875,0.7608117759227753,3.034171680919826,0.006893281,680,-0.019377631320094225,0.4138856828212738,5e-05,-1.2529890187084676,0.2,50.165391012174105,38.4,3.9627141204965888
69,260,141312,50.08882369,38.85,542,,,,,,,,,,,,,
70,264,143360,50.79521142000001,37.71,542,0.066064453125,0.7955608814954758,2.7293433608487248,0.010160776,690,-0.025075638508133123,0.6080708503723145,5e-05,-1.2384171072393655,0.2,,,
71,268,145408,50.91496727999999,38.01,542,0.052001953125,0.8376585096120834,2.165482949279249,0.008316457,700,-0.018549946317216383,0.543063759803772,5e-05,-1.2445961441844702,0.2,,,
72,272,147456,49.913434069999994,38.34,542,0.049755859375,0.7580419778823853,3.405040277540684,0.008157015,710,-0.02037019819545094,0.5755971074104309,5e-05,-1.2293902385979891,0.2,,,
73,275,149504,50.48342768,38.91,541,0.043701171875,0.743238776922226,3.6528413316234944,0.005451748,720,-0.01725850755465217,0.8289726972579956,5e-05,-1.2382265001535415,0.2,,,
,,150000,,,,0.06083984375,0.8353762775659561,2.955791079439223,0.010806097,730,-0.02314835363213206,0.4076647162437439,5e-05,-1.2306704077869655,0.2,52.3649151706137,36.3,5.760675388885316
74,280,151552,51.770426580000006,38.46,541,,,,,,,,,,,,,
75,283,153600,49.50147070999999,38.49,541,0.06171875,0.7845854014158249,2.8447690710425375,0.0080160275,740,-0.02244162557544769,0.43340131640434265,5e-05,-1.2192814879119396,0.2,,,
76,287,155648,50.00985976,39.45,541,0.037353515625,0.6919003427028656,6.835089323297143,0.005244826,750,-0.016774583629739936,0.6948109865188599,5e-05,-1.2555969588458538,0.2,,,
77,291,157696,51.70557097,38.88,541,0.066650390625,0.8314340114593506,2.1097053857520223,0.010610623,760,-0.024569302320014686,0.3706137537956238,5e-05,-1.2485744025558234,0.2,,,
78,294,159744,50.37348951999999,36.39,541,0.0630859375,0.7701232731342316,3.3761906495317815,0.010064574,770,-0.024408853391651063,0.6248476505279541,5e-05,-1.2412912782281638,0.2,,,
,,160000,,,,0.069873046875,0.7584034353494644,3.225271412730217,0.009219958,780,-0.022409471492574086,0.6402803659439087,5e-05,-1.2271846167743206,0.2,52.70069461788212,37.8,5.340025417119083
79,298,161792,51.04269758000001,36.48,541,,,,,,,,,,,,,
80,302,163840,51.704999689999994,37.95,541,0.084912109375,0.8134941309690475,2.8366404425352814,0.011271372,790,-0.024793741064786445,0.5858619809150696,5e-05,-1.2229242980480195,0.2,,,
81,306,165888,51.739304530000005,38.46,541,0.06005859375,0.8042919784784317,3.291114180907607,0.0075979265,800,-0.020125328212452588,0.47788259387016296,5e-05,-1.2367632944136857,0.2,,,
82,310,167936,51.21446538000002,39.57,541,0.06123046875,0.8413293957710266,2.14483766714111,0.008044384,810,-0.021735852182609962,0.3924667537212372,5e-05,-1.2457644425332546,0.2,,,
83,313,169984,51.29538064000001,39.36,541,0.089794921875,0.8152816295623779,2.493047431856394,0.012542602,820,-0.027508931727788878,0.5735368728637695,5e-05,-1.243327870219946,0.2,,,
,,170000,,,,0.072509765625,0.7764226943254471,3.524924904294312,0.009531244,830,-0.023950497480109335,0.7481670379638672,5e-05,-1.228936256840825,0.2,53.03284736097237,36.3,3.6638969358434177
84,317,172032,51.159341190000006,37.59,541,,,,,,,,,,,,,
85,321,174080,51.290669799999996,36.93,541,0.059033203125,0.7741198986768723,3.0075561974197624,0.008763959,840,-0.020052089785167482,0.5051150918006897,5e-05,-1.203905203193426,0.2,,,
86,325,176128,51.84996800000001,37.8,541,0.070068359375,0.8117830902338028,2.9420982537791134,0.009229999,850,-0.024146550639125054,0.8694243431091309,5e-05,-1.1885415129363537,0.2,,,
87,328,178176,51.29562054000001,37.86,541,0.08125,0.8261436820030212,2.468584190122783,0.0115643,860,-0.02657717021065764,0.526053786277771,5e-05,-1.20326020270586,0.2,,,
,,180000,,,,0.066650390625,0.7341185808181763,5.077907098457217,0.00901003,870,-0.02043444742739666,0.812804639339447,5e-05,-1.2065069328993558,0.2,53.98596542346543,34.2,3.6573169193334913
88,332,180224,51.55642529000001,38.52,541,,,,,,,,,,,,,
89,336,182272,51.78818469000001,39.03,541,0.0740234375,0.8277760297060013,2.946523594856262,0.0097579695,880,-0.022262098311330192,1.0525370836257935,5e-05,-1.1906396552920342,0.2,,,
90,340,184320,51.46756678,37.92,541,0.0908203125,0.7995133846998215,2.6880486413836477,0.012320053,890,-0.0273646711721085,0.41230231523513794,5e-05,-1.188745265826583,0.2,,,
91,344,186368,51.54443062,36.66,541,0.066845703125,0.8136826455593109,2.9543167255818843,0.009667955,900,-0.022020623432763387,0.7501186728477478,5e-05,-1.183074212819338,0.2,,,
92,347,188416,52.36019872,36.72,541,0.06337890625,0.7560911178588867,3.0140774622559547,0.0098977,910,-0.026637269426646525,0.6127191185951233,5e-05,-1.2067916136235,0.2,,,
,,190000,,,,0.0697265625,0.8022234588861465,2.729226889461279,0.009629127,920,-0.025391649374796543,0.5977723002433777,5e-05,-1.1675579268485308,0.2,52.52042020479521,41.1,3.2649620173869307
93,351,190464,52.28068077000001,37.14,541,,,,,,,,,,,,,
94,355,192512,51.29786736000002,36.99,541,0.066259765625,0.7314167320728302,3.751395288109779,0.009560725,930,-0.02445825434551807,0.9203276634216309,5e-05,-1.1561507649719716,0.2,,,
95,359,194560,51.47450327999999,37.11,541,0.0767578125,0.7474391758441925,3.563639169745147,0.011061557,940,-0.02611145280970959,0.599690318107605,5e-05,-1.1482119884341955,0.2,,,
96,363,196608,51.95582353999999,37.86,541,0.076220703125,0.8067842423915863,2.7452477548271417,0.010425532,950,-0.024689770382246935,0.630553126335144,5e-05,-1.1226979026570916,0.2,,,
97,366,198656,50.94771615,37.62,542,0.10234375,0.8521484732627869,1.5573886909522117,0.012465546,960,-0.02991522713418817,0.20322425663471222,5e-05,-1.1454089745879172,0.2,,,
,,200000,,,,0.082666015625,0.7638140171766281,2.8040738420560958,0.011310402,970,-0.025137847250152844,0.6127536296844482,5e-05,-1.1300204779952765,0.2,52.61153429903429,38.1,4.191487070898664
98,370,200704,51.6097536,36.81,542,,,,,,,,,,,,,
99,373,202752,51.96456204000001,37.26,542,0.07177734375,0.8135466426610947,2.6080688981339337,0.009186171,980,-0.0235911102819955,0.5950087308883667,5e-05,-1.1418257720768452,0.2,,,
100,376,204800,51.192330870000006,37.14,543,0.080322265625,0.8152184188365936,2.4067917367443443,0.011032209,990,-0.024938161375030177,0.4698862135410309,5e-05,-1.14067819789052,0.2,,,
101,380,206848,51.88829009,36.6,544,0.07890625,0.7139345109462738,2.9977659065276385,0.009822629,1000,-0.024276895711955147,0.7150336503982544,5e-05,-1.1269846249371767,0.2,,,
102,383,208896,52.027922010000005,37.74,544,0.09248046875,0.8219327479600906,2.325101263821125,0.01134292,1010,-0.029341999330790715,0.42811089754104614,5e-05,-1.1512603297829629,0.2,,,
,,210000,,,,0.0916015625,0.8048595488071442,2.234526913240552,0.012759966,1020,-0.028798432950861753,0.5733646750450134,5e-05,-1.130692257732153,0.2,54.576890123765125,37.5,2.4877185582440178
103,387,210944,51.56409822,37.26,544,,,,,,,,,,,,,
104,390,212992,52.08486977,37.38,545,0.1078125,0.8286476731300354,2.4695120885036888,0.013043784,1030,-0.03210447707097046,0.5512179136276245,5e-05,-1.1459394499659539,0.2,,,
105,393,215040,52.27260857000001,37.86,546,0.0919921875,0.7945133000612259,2.3927960522472858,0.0134676825,1040,-0.027933165719150565,0.3613428771495819,5e-05,-1.156579427421093,0.2,,,
106,397,217088,51.997240680000004,37.86,546,0.066064453125,0.7365280389785767,4.199698733910918,0.01147226,1050,-0.02492915214097593,0.8898198008537292,5e-05,-1.1576377931982278,0.2,,,
107,400,219136,52.38174766999999,38.79,547,0.07880859375,0.8139160573482513,3.1267732664942742,0.011415578,1060,-0.02552135414298391,0.3882123529911041,5e-05,-1.170048613101244,0.2,,,
,,220000,,,,0.08779296875,0.806063249707222,3.034356381185353,0.012862937,1070,-0.028696036788460333,0.5400912761688232,5e-05,-1.1691888384521008,0.2,51.56775516150516,35.4,4.850942077062712
108,404,221184,52.04415023999999,37.35,547,,,,,,,,,,,,,
109,407,223232,50.88174784000001,37.17,548,0.0984375,0.8047505468130112,2.8972059220075606,0.012970349,1080,-0.03009007240907522,0.603192150592804,5e-05,-1.1534749407321214,0.2,,,
110,410,225280,51.989272989999996,38.37,548,0.081884765625,0.7689678370952606,3.3449187407270076,0.011630999,1090,-0.029356327481218615,1.0540398359298706,5e-05,-1.1566108386963605,0.2,,,
111,413,227328,52.92951973999999,38.67,549,0.115185546875,0.830563873052597,2.3912654357030987,0.01676071,1100,-0.032125642991741185,0.5540544986724854,5e-05,-1.1738368015736342,0.2,,,
112,417,229376,52.916423189999996,38.58,549,0.111083984375,0.7738141715526581,3.5975724877789617,0.016356573,1110,-0.02908514224982355,0.4863493740558624,5e-05,-1.1711256813257933,0.2,,,
,,230000,,,,0.106494140625,0.841835230588913,2.352431330829859,0.01564023,1120,-0.02878551172907464,0.8391578793525696,5e-05,-1.16083955578506,0.2,53.3521651959152,35.7,4.174314834238233
113,420,231424,52.71970697999999,38.37,549,,,,,,,,,,,,,
114,424,233472,52.39294812999999,38.49,550,0.1171875,0.8079204261302948,2.549044430628419,0.015689807,1130,-0.03169309857184999,0.576624870300293,5e-05,-1.1398688532412051,0.2,,,
115,427,235520,52.02360998000001,38.1,551,0.11484375,0.7959467023611069,2.5328230334445836,0.018523298,1140,-0.028135975077748298,0.331998735666275,5e-05,-1.1785284850746394,0.2,,,
116,430,237568,51.86757654000001,36.72,551,0.1095703125,0.8068085610866547,3.0309554724022747,0.012260826,1150,-0.029825063867610878,0.6600030660629272,5e-05,-1.1421961985528468,0.2,,,
117,433,239616,52.296134110000004,37.11,552,0.082568359375,0.7413870096206665,3.602223032899201,0.010990547,1160,-0.0245763617916964,0.819665253162384,5e-05,-1.131538051739335,0.2,,,
,,240000,,,,0.095458984375,0.8309567868709564,2.615416093543172,0.013985676,1170,-0.029070699334261006,0.3263413608074188,5e-05,-1.1950659673660993,0.2,54.23298796791444,36.6,5.772344036106894
118,437,241664,52.21482154,37.95,552,,,,,,,,,,,,,
119,441,243712,52.2867112,37.23,552,0.110498046875,0.7771656364202499,3.390468776598573,0.014410058,1180,-0.029189410859544296,1.0238935947418213,5e-05,-1.1799744095653295,0.2,,,
120,444,245760,52.56142001,37.98,553,0.1037109375,0.7964802235364914,2.827872221171856,0.014456585,1190,-0.030838259290976566,0.41092756390571594,5e-05,-1.1418307676911355,0.2,,,
121,447,247808,53.17980658999999,39.15,553,0.090478515625,0.8227732181549072,3.4391810152679683,0.01363541,1200,-0.03092693039216101,0.5365234613418579,5e-05,-1.1390265801921486,0.2,,,
122,451,249856,52.9444895,39.51,554,0.125439453125,0.8488693386316299,2.226354361511767,0.017734278,1210,-0.031756866609794085,0.40777912735939026,5e-05,-1.1504718583077191,0.2,,,
,,250000,,,,0.108203125,0.7955615818500519,2.6244391437619923,0.015578117,1220,-0.030794646520371317,0.3072173595428467,5e-05,-1.1463546436280012,0.2,50.91707094988345,42.9,5.259609102897522
123,454,251904,52.43054935,37.92,553,,,,,,,,,,,,,
124,458,253952,52.10122694,37.86,554,0.12470703125,0.8056389540433884,2.2179559264332056,0.018288177,1230,-0.03390099851239938,0.39424991607666016,5e-05,-1.1549703862518073,0.2,,,
125,461,256000,52.58185668000001,39.09,554,0.102001953125,0.8065904825925827,2.735051286779344,0.014909215,1240,-0.02883640657819342,0.6369330286979675,5e-05,-1.17351905554533,0.2,,,
126,464,258048,53.60906585000001,38.64,555,0.120166015625,0.8425465077161789,2.3541482778266074,0.016782474,1250,-0.0326962508392171,0.41799604892730713,5e-05,-1.1782055336982011,0.2,,,
,,260000,,,,0.1482421875,0.871331661939621,1.2360432754270732,0.020325046,1260,-0.03552607973542763,0.14162679016590118,5e-05,-1.1413079854100943,0.2,56.935125291375286,33.9,2.841304155671172
127,468,260096,53.42590782,38.61,555,,,,,,,,,,,,,
128,471,262144,53.24650659000001,37.89,555,0.124755859375,0.8262331485748291,1.829433882329613,0.018187266,1270,-0.03205009760131361,0.3104109764099121,5e-05,-1.1385654035955668,0.2,,,
129,475,264192,52.94120207,37.41,556,0.11572265625,0.8222210854291916,2.123319160938263,0.018000325,1280,-0.03316541970707476,0.27750301361083984,5e-05,-1.1165947902947664,0.2,,,
130,478,266240,53.357333239999996,37.32,556,0.096337890625,0.7368808388710022,3.2836964704096316,0.015146947,1290,-0.02491748779430054,0.6341845393180847,5e-05,-1.1407504623755813,0.2,,,
131,481,268288,53.34897233999999,36.69,557,0.117236328125,0.8386996984481812,2.0504283517599107,0.01611981,1300,-0.030655925784958526,0.43351244926452637,5e-05,-1.1397198460996152,0.2,,,
,,270000,,,,0.103515625,0.7668343335390091,2.605851629190147,0.015254439,1310,-0.032930351633694954,0.977744996547699,5e-05,-1.1503565311431885,0.2,52.32110233516484,40.5,3.4244771797395215
132,485,270336,53.56793054,36.15,557,,,,,,,,,,,,,
133,488,272384,53.48731095,37.23,557,0.10791015625,0.8140328824520111,2.570298817381263,0.01614364,1320,-0.030953415151452647,0.5508208274841309,5e-05,-1.1343810422345997,0.2,,,
134,491,274432,53.66573822,38.01,557,0.139501953125,0.8553403466939926,1.7349870813079178,0.021512315,1330,-0.036346929479623216,0.34918057918548584,5e-05,-1.1579166777431964,0.2,,,
135,495,276480,54.07559969999999,37.68,558,0.12861328125,0.8523287326097488,2.0188865441828967,0.017481215,1340,-0.03232849519554293,0.24096302688121796,5e-05,-1.165319138765335,0.2,,,
136,498,278528,53.085428949999994,36.99,558,0.12958984375,0.8857001587748528,1.392783669475466,0.01978885,1350,-0.03357406215654919,0.19308334589004517,5e-05,-1.1544105306267738,0.2,,,
,,280000,,,,0.101220703125,0.8195746093988419,2.403133662045002,0.013791087,1360,-0.03000945053063333,0.40597864985466003,5e-05,-1.15235346108675,0.2,54.6722922910423,39.6,3.148000497444335
137,502,280576,52.76235701,37.35,558,,,,,,,,,,,,,
138,505,282624,53.81793662999999,37.86,559,0.117919921875,0.8362189531326294,2.08893993422389,0.017536862,1370,-0.03360370705486275,0.6190066933631897,5e-05,-1.1370608393102883,0.2,,,
139,508,284672,53.01292489999999,37.56,559,0.136962890625,0.8571949303150177,1.850527585670352,0.01880453,1380,-0.0353589704616752,0.3163311183452606,5e-05,-1.148248702660203,0.2,,,
140,512,286720,53.28543997,38.25,559,0.11904296875,0.812651738524437,2.374777318350971,0.015410751,1390,-0.033294094345183115,0.5579782724380493,5e-05,-1.1272356897592544,0.2,,,
141,515,288768,54.31526642,38.07,560,0.133349609375,0.8525802493095398,1.9110858811065554,0.01875449,1400,-0.032618934239144436,0.5046539902687073,5e-05,-1.0986388500779867,0.2,,,
,,290000,,,,0.12451171875,0.8574856519699097,1.8382414809428156,0.020212851,1410,-0.03335707488440676,0.2131994366645813,5e-05,-1.1109619645401836,0.2,53.92815170940171,36.6,4.457516353916307
142,519,290816,54.443959889999995,37.74,560,,,,,,,,,,,,,
143,522,292864,54.023503770000005,38.13,560,0.130712890625,0.8782132267951965,1.5168308220803737,0.018782329,1420,-0.034614447568310426,0.28014814853668213,5e-05,-1.091734174452722,0.2,,,
144,525,294912,53.176481790000004,37.95,560,0.121533203125,0.8635838776826859,1.9346380507573486,0.017698485,1430,-0.03597784438461531,0.6896229386329651,5e-05,-1.1064520858228206,0.2,,,
145,529,296960,53.260452099999995,37.44,561,0.147802734375,0.8242557048797607,1.9198054966516793,0.020639481,1440,-0.035538851775345395,0.44442301988601685,5e-05,-1.0973534628748893,0.2,,,
146,532,299008,54.172652799999994,38.19,561,0.130029296875,0.8525344729423523,1.7655734428204597,0.019038744,1450,-0.03342876658862224,0.2199649065732956,5e-05,-1.0775000544264912,0.2,,,
,,300000,,,,0.15126953125,0.890061616897583,1.1870135137811304,0.020941906,1460,-0.03653927206323715,0.09958429634571075,5e-05,-1.0933281246572732,0.2,54.914609002109,41.1,2.9765630936728242
147,536,301056,54.03125993,38.19,561,,,,,,,,,,,,,
148,539,303104,53.438485379999996,37.77,561,0.112158203125,0.8433811366558075,2.022259744256735,0.019263303,1470,-0.029260845741373488,0.4368075132369995,5e-05,-1.0690302580595017,0.2,,,
149,542,305152,53.08708257999998,37.59,562,0.115673828125,0.8333361595869064,2.588909277506173,0.018882485,1480,-0.029534660897479626,0.5415877103805542,5e-05,-1.049486530944705,0.2,,,
150,546,307200,53.30968428000001,38.37,562,0.10703125,0.811042070388794,3.0599524160847067,0.015373001,1490,-0.02842691548576113,0.2503317892551422,5e-05,-1.0791783444583416,0.2,,,
151,549,309248,52.50013891999999,38.73,562,0.145166015625,0.8669461011886597,1.7015772541984915,0.01999097,1500,-0.03620198950811755,0.23662889003753662,5e-05,-1.0813045501708984,0.2,,,
,,310000,,,,0.135986328125,0.7835912704467773,2.7756981141865253,0.021128993,1510,-0.03484356541739544,0.5602855682373047,5e-05,-1.0916790444403888,0.2,54.697520014707514,39.9,2.8928914460657738
152,553,311296,52.83420806,38.34,561,,,,,,,,,,,,,
153,557,313344,54.009011449999996,37.41,561,0.1291015625,0.8531236946582794,1.945762651786208,0.02127734,1520,-0.03497119279927574,0.38332411646842957,5e-05,-1.0239398546516896,0.2,,,
154,561,315392,53.90552144999999,37.35,562,0.12275390625,0.8287898302078247,2.4414020091295243,0.01713812,1530,-0.032372825630591254,0.5499508380889893,5e-05,-1.028760233335197,0.2,,,
155,564,317440,53.99644465,37.29,561,0.140771484375,0.8566834926605225,1.861017432808876,0.02228506,1540,-0.035262700646126174,0.38546207547187805,5e-05,-1.0199139941483737,0.2,,,
156,568,319488,53.829578950000005,37.41,561,0.12314453125,0.8201514184474945,2.1015903765335677,0.018419608,1550,-0.03291399608424399,0.37786346673965454,5e-05,-1.0126087833195925,0.2,,,
,,320000,,,,0.14541015625,0.8619276732206345,1.4923977863043547,0.02376128,1560,-0.03458876063959906,0.1597544550895691,5e-05,-1.0337521959096194,0.2,57.545346320346326,35.1,3.080777091816056
157,572,321536,54.18982656,37.5,561,,,,,,,,,,,,,
158,576,323584,54.29452552,37.89,561,0.146240234375,0.8604465872049332,1.7263600491918623,0.0206693,1570,-0.035601314828090834,0.3155149817466736,5e-05,-1.002145278453827,0.2,,,
159,580,325632,53.988503380000004,37.98,561,0.141259765625,0.8213278651237488,2.1423071790486574,0.023025902,1580,-0.03495173730188981,0.5039973258972168,5e-05,-1.0861750347539783,0.2,,,
160,583,327680,54.43536019000002,37.98,561,0.1556640625,0.8673496544361115,1.6464421887882055,0.021615678,1590,-0.03631472136767115,0.510860025882721,5e-05,-1.0529147919267416,0.2,,,
161,587,329728,54.01164688000001,38.28,561,0.16904296875,0.9059081077575684,1.0383743233513087,0.026211753,1600,-0.03833969038678333,0.11769819259643555,5e-05,-1.0439543457701803,0.2,,,
,,330000,,,,0.154345703125,0.8733745962381363,1.4310292365960777,0.021160705,1610,-0.03374485529202502,0.21783338487148285,5e-05,-1.010784151032567,0.2,57.215992340992344,39.3,2.60104264517484
162,591,331776,53.98739251,37.65,560,,,,,,,,,,,,,
163,595,333824,54.211088530000005,37.71,560,0.15419921875,0.8734099119901657,1.5063681385479868,0.020953368,1620,-0.0360337646008702,0.30645012855529785,5e-05,-1.0435737451538443,0.2,,,
164,599,335872,53.66189319,37.5,560,0.135888671875,0.8644979298114777,1.4754143223166465,0.02076657,1630,-0.034858533000806345,0.17624682188034058,5e-05,-1.0461692571640016,0.2,,,
165,603,337920,52.28767262,37.47,560,0.124853515625,0.8455217927694321,2.1988907384686174,0.020498123,1640,-0.03194524866266875,0.24649380147457123,5e-05,-1.0431726874783636,0.2,,,
166,606,339968,52.30326395,37.8,560,0.112255859375,0.7236807942390442,3.6573217757046224,0.016312197,1650,-0.03508391238865442,0.5289602875709534,5e-05,-1.0598929757252336,0.2,,,
,,340000,,,,0.1205078125,0.8428758829832077,2.311293213069439,0.017246194,1660,-0.029727141914190725,0.38653796911239624,5e-05,-1.0294882357120514,0.2,56.780146416083916,38.1,2.967336317194869
167,611,342016,53.46483086999999,38.49,559,,,,,,,,,,,,,
168,615,344064,52.891824910000004,39.06,559,0.13828125,0.8520741313695908,1.9357032320462166,0.020479102,1670,-0.032811698172008616,0.3905319273471832,5e-05,-1.0304549161344767,0.2,,,
169,618,346112,53.57711469000001,39.24,559,0.125927734375,0.782129779458046,3.0311766125261785,0.01987962,1680,-0.02782550062111113,0.4233222007751465,5e-05,-1.0022262467071414,0.2,,,
170,622,348160,55.03702654000001,39.0,559,0.15888671875,0.8970132693648338,1.4064327789470554,0.029567568,1690,-0.03446832171466667,0.1940648853778839,5e-05,-1.017653631232679,0.2,,,
,,350000,,,,0.149609375,0.8887356221675873,1.36573731219396,0.022532012,1700,-0.03363970297650667,0.23500657081604004,5e-05,-0.9825280521064996,0.2,56.232996170496165,38.4,2.285074313839434
171,626,350208,54.077826269999996,38.31,558,,,,,,,,,,,,,
172,630,352256,53.60923459999999,38.73,558,0.130859375,0.8057989329099655,2.359365730732679,0.017222645,1710,-0.03128549297107384,0.5273714661598206,5e-05,-1.003469536267221,0.2,,,
173,634,354304,54.980283879999995,37.41,558,0.143212890625,0.8266333639621735,2.18794064540416,0.019088978,1720,-0.034329586412059146,0.4209119379520416,5e-05,-0.9903839111328125,0.2,,,
174,637,356352,55.21227938999999,37.11,558,0.17861328125,0.8813328519463539,1.4891627539880574,0.026510399,1730,-0.03829119007859845,0.3806009292602539,5e-05,-0.9624770419672132,0.2,,,
175,641,358400,54.73006016,38.07,558,0.14560546875,0.860507920384407,1.5989673943258822,0.029282235,1740,-0.0339854806807125,0.389532208442688,5e-05,-0.9761104486882687,0.2,,,
,,360000,,,,0.160400390625,0.8685427159070969,1.2957510134205221,0.026424197,1750,-0.03540248546632938,0.1474473476409912,5e-05,-0.9985620621591806,0.2,54.85856018981018,39.0,3.862014900187579
176,645,360448,54.614572150000015,38.46,558,,,,,,,,,,,,,
177,649,362496,54.89405768,37.89,558,0.132568359375,0.869526669383049,1.868762969598174,0.020218797,1760,-0.03495657542371191,0.37739402055740356,5e-05,-1.0006113197654485,0.2,,,
178,653,364544,54.37676066,37.74,558,0.1533203125,0.8984120041131973,1.2134382284246386,0.021499183,1770,-0.03899799474893371,0.16788944602012634,5e-05,-1.0027304792776703,0.2,,,
179,656,366592,54.440785670000004,37.77,558,0.14013671875,0.8592791855335236,1.8423320845700801,0.01982519,1780,-0.03453767465689452,0.2984602153301239,5e-05,-0.9926484731957317,0.2,,,
180,660,368640,54.844409,37.98,558,0.1541015625,0.8933847397565842,1.4692502948455513,0.024761483,1790,-0.037634235630685,0.3343251943588257,5e-05,-0.998574448004365,0.2,,,
,,370000,,,,0.16123046875,0.8992702066898346,1.2042473913170397,0.027707823,1800,-0.03739879641216248,0.18005506694316864,5e-05,-1.0020128721371293,0.2,54.03026140526141,34.5,5.1942298991127425
181,664,370688,54.58128491,38.46,557,,,,,,,,,,,,,
182,668,372736,54.137493019999994,37.32,557,0.155859375,0.8672672659158707,1.3960739172063767,0.026043747,1810,-0.0355632698876434,0.15232770144939423,5e-05,-0.9843342367559671,0.2,,,
183,671,374784,54.32876522999999,35.91,557,0.1345703125,0.8733419924974442,1.822825283650309,0.01964321,1820,-0.035044834365544376,0.4483101963996887,5e-05,-0.9546601651236415,0.2,,,
184,675,376832,54.88420462,37.02,557,0.1525390625,0.8793017715215683,1.4613336264155805,0.02667183,1830,-0.035759866278385746,0.1933256834745407,5e-05,-0.9642789244651795,0.2,,,
185,679,378880,55.15815395,37.17,557,0.1791015625,0.8926168978214264,1.3492718665860592,0.023647794,1840,-0.03618724419939099,0.1894652545452118,5e-05,-0.9840018032118678,0.2,,,
,,380000,,,,0.1732421875,0.9030336886644363,1.2073558491654695,0.024719555,1850,-0.038202625460689886,0.23091629147529602,5e-05,-0.9594769589602947,0.2,55.97947000915751,41.1,3.1335613221919374
186,683,380928,53.97001445000001,38.1,557,,,,,,,,,,,,,
187,687,382976,53.407877380000016,38.22,557,0.150244140625,0.8180971741676331,2.16023429017514,0.025719795,1860,-0.03666439089429332,0.4944377541542053,5e-05,-1.0053350316360592,0.2,,,
188,690,385024,54.3124211,38.58,557,0.1466796875,0.8600324988365173,1.906889421492815,0.023086227,1870,-0.03462417271512095,0.7894044518470764,5e-05,-0.9830924592912197,0.2,,,
189,694,387072,55.236985780000005,39.21,557,0.1646484375,0.8890811502933502,1.474267999548465,0.024466362,1880,-0.03993027594988234,0.2452610284090042,5e-05,-0.9870285060256719,0.2,,,
190,698,389120,55.478953479999994,38.76,557,0.1875,0.9123809039592743,1.0418937314301728,0.029725917,1890,-0.04233064855798148,0.14478644728660583,5e-05,-0.9806721491739154,0.2,,,
,,390000,,,,0.195166015625,0.9102696031332016,1.0195086371153592,0.030431215,1900,-0.04406407598289661,0.1617162972688675,5e-05,-0.962611030228436,0.2,54.43297241973712,42.3,5.198303949488295
191,702,391168,55.674411819999996,38.28,556,,,,,,,,,,,,,
192,706,393216,55.42415512,37.38,556,0.179443359375,0.9141566753387451,1.0008048069663347,0.025576249,1910,-0.03595618621038739,0.13368730247020721,5e-05,-0.9344953121617436,0.2,,,
193,710,395264,53.93916949,38.01,556,0.148876953125,0.869858905673027,1.3755089482292533,0.026100766,1920,-0.03316450065758545,0.24489252269268036,5e-05,-0.9376913081854582,0.2,,,
194,713,397312,55.08493240000001,38.52,556,0.15009765625,0.8126827776432037,2.4777149295434358,0.02000037,1930,-0.03310364829667378,0.49579790234565735,5e-05,-0.975457058288157,0.2,,,
195,717,399360,56.07141241,38.28,556,0.177490234375,0.9100772887468338,1.1155878412071616,0.028601004,1940,-0.03940980704210233,0.18355213105678558,5e-05,-0.9444402512162924,0.2,,,
,,400000,,,,0.1634765625,0.9073674455285072,1.1731249942444264,0.025374405,1950,-0.03582288398465607,0.4327182173728943,5e-05,-0.9211762201040983,0.2,56.57511646849882,38.4,3.693534403733725
196,721,401408,55.65881763,37.95,556,,,,,,,,,,,,,
197,725,403456,55.79666846,37.68,556,0.156005859375,0.8960080519318581,1.1055368701927364,0.02564475,1960,-0.036093653686111796,0.14971017837524414,5e-05,-0.9160949135199189,0.2,,,
198,729,405504,55.49630051000001,36.84,556,0.1798828125,0.9152270331978798,1.0248844265006483,0.03219138,1970,-0.03679890601488296,0.2117176353931427,5e-05,-0.9121168838813901,0.2,,,
199,732,407552,54.89790778,37.44,556,0.138818359375,0.8653402179479599,1.6549790732562542,0.022283662,1980,-0.03144992087763967,0.22589600086212158,5e-05,-0.914196552708745,0.2,,,
200,736,409600,54.82615775,38.01,556,0.1310546875,0.8692597150802612,1.6155066357925534,0.02052618,1990,-0.0333162975803134,0.23177552223205566,5e-05,-0.9355002989992499,0.2,,,
,,410000,,,,0.1736328125,0.8796166926622391,1.5374510986730456,0.02730029,2000,-0.03767519859247841,0.09668318927288055,5e-05,-0.9608429139479995,0.2,57.16564217032967,36.0,1.9872017713021601
201,740,411648,55.313867929999994,37.86,555,,,,,,,,,,,,,
202,744,413696,55.32749228000001,37.86,555,0.13564453125,0.8350001573562622,2.0507166954688727,0.022568058,2010,-0.035192419526720184,0.2614818513393402,5e-05,-0.9586414752528072,0.2,,,
203,748,415744,55.53030229,38.31,555,0.134423828125,0.8351543545722961,2.5799463108181953,0.01972849,2020,-0.03286245374183636,0.39444103837013245,5e-05,-0.9090573098510504,0.2,,,
204,751,417792,55.43163277000001,37.29,556,0.196044921875,0.8995691239833832,1.2780067631043495,0.029983975,2030,-0.04014779635181185,0.17605170607566833,5e-05,-0.9298469880595803,0.2,,,
205,754,419840,55.36868391999999,37.53,556,0.157080078125,0.8628085106611252,1.94790508877486,0.022691187,2040,-0.033886988207814286,0.579195499420166,5e-05,-0.9125527746975421,0.2,,,
,,420000,,,,0.176318359375,0.9006128087639809,1.2660548193380237,0.03171389,2050,-0.04182003602327313,0.16180872917175293,5e-05,-0.9288012675940991,0.2,57.24647817460317,36.6,5.430309384707363
206,758,421888,55.6885297,37.89,556,,,,,,,,,,,,,
207,762,423936,55.56764541,37.8,555,0.19619140625,0.9022097587585449,1.0107696841936558,0.036191873,2060,-0.04190313574799802,0.0928855836391449,5e-05,-0.9234826356172562,0.2,,,
208,766,425984,55.568902470000005,35.82,556,0.17041015625,0.8706788867712021,1.5410956038162111,0.026798956,2070,-0.03684331893455237,0.250592440366745,5e-05,-0.9315163493156433,0.2,,,
209,769,428032,55.5991999,36.54,556,0.1876953125,0.8763262182474136,1.2666708731092513,0.026265481,2080,-0.03651977727131452,0.19266073405742645,5e-05,-0.9238856010138988,0.2,,,
,,430000,,,,0.201611328125,0.9049820080399513,1.0240105018950998,0.032729335,2090,-0.04130507972295163,0.09587644785642624,5e-05,-0.9356450285762549,0.2,57.58834863053613,36.6,4.086358505093755
210,773,430080,56.17012472,37.98,555,,,,,,,,,,,,,
211,777,432128,56.037324930000004,37.8,555,0.155126953125,0.9092896357178688,1.1517050090245902,0.024339631,2100,-0.03552816434530541,0.17679107189178467,5e-05,-0.9145327478647232,0.2,,,
212,781,434176,55.75004659000001,38.73,555,0.16044921875,0.8758734837174416,1.5392676861956716,0.023918657,2110,-0.034880200491170396,0.1538989245891571,5e-05,-0.9292833415791393,0.2,,,
213,785,436224,55.62962785999999,39.27,555,0.166552734375,0.891859658062458,1.1351406902540475,0.033508807,2120,-0.03532903233426623,0.08805429935455322,5e-05,-0.8969787575304509,0.2,,,
214,788,438272,56.09634362,38.76,555,0.1875,0.9252099245786667,0.9977672179695218,0.037844583,2130,-0.03974716346419882,0.09967030584812164,5e-05,-0.9257594957947731,0.2,,,
,,440000,,,,0.222119140625,0.9375476129353046,0.7701385049149394,0.038202766,2140,-0.040546553890453654,0.12924724817276,5e-05,-0.9309986935928464,0.2,58.461314726939726,39.6,3.720518899691564
215,792,440320,56.01473647999999,38.28,555,,,,,,,,,,,,,
216,796,442368,55.194945860000004,38.61,555,0.160546875,0.8650519847869873,1.6384586102329195,0.025998652,2150,-0.03705281142902095,0.27250510454177856,5e-05,-0.937164475955069,0.2,,,
217,800,444416,55.50373887000001,37.86,555,0.156689453125,0.8622803092002869,1.4303853309713304,0.02627852,2160,-0.039557509204314556,0.12035778164863586,5e-05,-0.919427358545363,0.2,,,
218,803,446464,55.97197936999999,37.32,555,0.1908203125,0.8994806632399559,1.2275164445862174,0.03573353,2170,-0.03731256200117059,0.1700316071510315,5e-05,-0.9026510735973716,0.2,,,
219,807,448512,55.86310642999999,37.56,555,0.178076171875,0.910178504884243,0.9994984528981149,0.032172706,2180,-0.04068263136723545,0.1645505428314209,5e-05,-0.8915502803400159,0.2,,,
,,450000,,,,0.182666015625,0.9099574089050293,1.176870818156749,0.034474626,2190,-0.041616878185595854,0.14578089118003845,5e-05,-0.9047737594693899,0.2,58.13991783339209,40.2,3.1057069942220887
220,811,450560,56.094003560000004,38.37,555,,,,,,,,,,,,,
221,815,452608,56.32295570000001,39.96,555,0.21572265625,0.9196180030703545,0.9304733357392252,0.04021095,2200,-0.04216216150234686,0.14824464917182922,5e-05,-0.9256622372195125,0.2,,,
222,819,454656,56.78223898,38.79,555,0.180517578125,0.9110327810049057,0.974556530918926,0.027713403,2210,-0.03591184523538686,0.08376320451498032,5e-05,-0.9168918067589402,0.2,,,
223,822,456704,56.494901920000004,37.62,554,0.188525390625,0.9076440557837486,1.0886245634406806,0.037540317,2220,-0.038459113938733934,0.09918630868196487,5e-05,-0.8806815277785063,0.2,,,
224,826,458752,56.11081402999999,39.0,555,0.1759765625,0.9064064919948578,0.9761464085895568,0.03962272,2230,-0.03755364749813452,0.06560097634792328,5e-05,-0.9182029522955417,0.2,,,
,,460000,,,,0.177734375,0.9053920358419418,1.005235623801127,0.03557037,2240,-0.03625421176257078,0.2011227160692215,5e-05,-0.8954444138333202,0.2,58.09398136585636,35.7,4.456075788386939
225,830,460800,56.85248166,37.92,554,,,,,,,,,,,,,
226,834,462848,56.64718464000001,37.89,554,0.19423828125,0.9316409528255463,0.9645699576940387,0.035570376,2250,-0.041314154857536776,0.18224656581878662,5e-05,-0.9098734349012375,0.2,,,
227,837,464896,56.48843581000001,37.68,554,0.16943359375,0.874472513794899,1.1771125011146069,0.026816135,2260,-0.031677285055047834,0.08044929802417755,5e-05,-0.8871390599757433,0.2,,,
228,841,466944,55.70056336,37.89,554,0.189013671875,0.9021466374397278,1.2109882668592036,0.033131473,2270,-0.04076389609836042,0.27568721771240234,5e-05,-0.8826869938522577,0.2,,,
229,845,468992,55.70200353,37.05,554,0.14306640625,0.8414482921361923,1.8995650141499936,0.026378449,2280,-0.03582114704768173,0.2551012635231018,5e-05,-0.9022604404017329,0.2,,,
,,470000,,,,0.155908203125,0.887789823114872,1.6466305383481086,0.025000077,2290,-0.03785008244230994,0.15946157276630402,5e-05,-0.8891444033011794,0.2,56.51301088617265,39.0,3.494851476649425
230,849,471040,55.905710149999976,37.35,554,,,,,,,,,,,,,
231,853,473088,55.609341920000006,37.77,554,0.176611328125,0.8692096173763275,1.6986491767689587,0.037619792,2300,-0.03800295895925956,0.47943922877311707,5e-05,-0.9201542232185602,0.2,,,
232,857,475136,55.31391683999999,37.65,554,0.173974609375,0.8600791096687317,1.6276143865659833,0.029312324,2310,-0.035930377917247826,0.16785329580307007,5e-05,-0.8994686169549823,0.2,,,
233,860,477184,56.01031554,37.65,554,0.172509765625,0.8574560880661011,2.0620920207351445,0.024118323,2320,-0.038872768188593906,0.3419269621372223,5e-05,-0.9017193924635649,0.2,,,
234,864,479232,56.813337700000005,37.56,554,0.166650390625,0.8712872713804245,1.8053980397060514,0.029913254,2330,-0.0382390379680146,0.26703569293022156,5e-05,-0.8847991481423378,0.2,,,
,,480000,,,,0.198876953125,0.9172750413417816,1.1813662992790341,0.032831967,2340,-0.03686793116212357,0.2722003757953644,5e-05,-0.8815468562766909,0.2,58.46348096348096,35.4,3.0920056411358576
235,868,481280,56.816406470000004,38.22,554,,,,,,,,,,,,,
236,872,483328,56.7941712,38.82,554,0.2025390625,0.8932374492287636,1.2651547281071545,0.04085145,2350,-0.03379945868364302,0.16040071845054626,5e-05,-0.8689554864540696,0.2,,,
237,875,485376,56.51234016,37.41,554,0.188330078125,0.9047769829630852,1.149725263658911,0.033785447,2360,-0.036525008094031364,0.1336994469165802,5e-05,-0.8844788946211338,0.2,,,
238,879,487424,56.01974365,37.56,554,0.19423828125,0.8715652972459793,1.349740985967219,0.03308446,2370,-0.04307749723520828,0.24796485900878906,5e-05,-0.8836583670228719,0.2,,,
239,883,489472,56.64739117,37.35,554,0.20244140625,0.89227294921875,1.2147546088322998,0.043008927,2380,-0.04433205125387758,0.1639460325241089,5e-05,-0.8790522823110223,0.2,,,
,,490000,,,,0.190625,0.9221326038241386,0.9600393907632678,0.028309984,2390,-0.0389606353113777,0.1131984144449234,5e-05,-0.8789683531969785,0.2,57.48447871572871,35.4,2.4179139443218585
240,887,491520,56.674044069999994,37.14,554,,,,,,,,,,,,,
241,890,493568,56.738794510000005,36.9,554,0.19189453125,0.8961720392107964,1.0842625217046589,0.03266803,2400,-0.04148547387449071,0.1375722587108612,5e-05,-0.8762251382693649,0.2,,,
242,894,495616,57.12058359999999,36.72,554,0.19755859375,0.9085324183106422,1.14938603118062,0.034033883,2410,-0.03977319170589908,0.16852715611457825,5e-05,-0.8955208839848637,0.2,,,
243,898,497664,56.87231508,37.08,554,0.18134765625,0.9088178724050522,1.1271711961366235,0.031232335,2420,-0.040270741051062944,0.04078824073076248,5e-05,-0.8994931330904364,0.2,,,
244,901,499712,56.35028764,36.84,554,0.17939453125,0.9067246541380882,1.0116354109719397,0.035695143,2430,-0.03876393026148435,0.17263001203536987,5e-05,-0.8739256147295237,0.2,,,
,,500000,,,,0.165771484375,0.8578606843948364,1.6695984057150781,0.031863485,2440,-0.03808186153328279,0.2654340863227844,5e-05,-0.8643779860809445,0.2,57.701848151848154,39.3,1.4406254642910366
245,906,501760,56.27739602000001,36.42,553,,,,,,,,,,,,,
246,909,503808,56.858409579999986,36.42,553,0.190087890625,0.8857694864273071,1.1496115441434085,0.032255262,2450,-0.0402801567404822,0.13886484503746033,5e-05,-0.8525924067944288,0.2,,,
247,913,505856,56.79640108,36.57,553,0.181005859375,0.8678669929504395,1.6230490667745472,0.03311138,2460,-0.03656536234047962,0.32365259528160095,5e-05,-0.8361619368195534,0.2,,,
248,916,507904,56.4810862,37.47,553,0.172216796875,0.9047680720686913,1.2116113292984665,0.03338594,2470,-0.037811207040795124,0.22164346277713776,5e-05,-0.8420864004641772,0.2,,,
249,920,509952,56.612441610000005,37.17,553,0.1759765625,0.8676656633615494,1.3936659210827202,0.030931093,2480,-0.03576978944329312,0.20161014795303345,5e-05,-0.8662621300667525,0.2,,,
,,510000,,,,0.17099609375,0.8860161826014519,1.4202562655322253,0.027335787,2490,-0.03872585752251325,0.27605870366096497,5e-05,-0.8502111474052072,0.2,57.743727106227105,38.7,2.6665891321454
250,924,512000,56.574380119999994,37.59,553,,,,,,,,,,,,,
251,928,514048,56.15229508,37.23,553,0.196142578125,0.9101859405636787,1.2808083248324693,0.03420877,2500,-0.04135173195973039,0.23586514592170715,5e-05,-0.8587104950100184,0.2,,,
252,932,516096,56.234320659999995,37.32,553,0.176318359375,0.8698685467243195,1.749477814603597,0.032796457,2510,-0.03818050890113227,0.23296178877353668,5e-05,-0.8531767113134265,0.2,,,
253,936,518144,56.78760988000001,37.05,553,0.17353515625,0.9090861231088638,1.1673150326125323,0.034829624,2520,-0.03608574675454292,0.09930044412612915,5e-05,-0.8463711699470877,0.2,,,
,,520000,,,,0.20166015625,0.9153679609298706,1.1196466421242803,0.036519535,2530,-0.03620986484165769,0.1950969696044922,5e-05,-0.8438376540318131,0.2,57.48013999889,36.6,2.9381066675065397
254,941,520192,56.68553493,37.29,552,,,,,,,,,,,,,
255,944,522240,56.59968334,37.68,552,0.209130859375,0.9081266298890114,1.1866091449745,0.039569765,2540,-0.03908599417773075,0.18584267795085907,5e-05,-0.853652312234044,0.2,,,
256,948,524288,56.610975429999996,36.93,552,0.19716796875,0.894605778157711,1.4072186979465187,0.03862925,2550,-0.03908839431242086,0.16214174032211304,5e-05,-0.8352731110528111,0.2,,,
257,952,526336,57.083818090000015,37.02,552,0.206640625,0.9044672846794128,0.9658251630607992,0.033253204,2560,-0.037238320661708714,0.14989140629768372,5e-05,-0.8454790512099862,0.2,,,
258,956,528384,57.16175047000001,37.38,552,0.201171875,0.9314876273274422,0.8155589191708714,0.036126234,2570,-0.04009432716411539,0.07152616232633591,5e-05,-0.8340006833896041,0.2,,,
,,530000,,,,0.2048828125,0.9106642752885818,0.9839172200299799,0.035715185,2580,-0.043393637835106344,0.10836613178253174,5e-05,-0.8338864536955952,0.2,57.16259332987274,37.8,4.0279265848969095
259,960,530432,56.40909694999999,38.16,552,,,,,,,,,,,,,
260,963,532480,56.12451687,38.1,552,0.1955078125,0.9142755046486855,0.9817776386626065,0.035641894,2590,-0.041650937689701094,0.12860214710235596,5e-05,-0.8347858162596822,0.2,,,
261,967,534528,56.109449219999995,37.41,552,0.209033203125,0.8857747986912727,1.1895737012848258,0.03381356,2600,-0.04157944503822364,0.17057031393051147,5e-05,-0.8443973066285253,0.2,,,
262,970,536576,56.509790460000005,37.02,552,0.159716796875,0.910780057311058,1.1509457992389798,0.024832547,2610,-0.03799518988525961,0.14538469910621643,5e-05,-0.8340897776186467,0.2,,,
263,974,538624,56.79982033,38.46,552,0.170947265625,0.8860829100012779,1.3730556044727564,0.030531786,2620,-0.035185412292776164,0.20990876853466034,5e-05,-0.8127600647509098,0.2,,,
,,540000,,,,0.186767578125,0.926836870610714,0.893496566079557,0.03986505,2630,-0.038549124442215546,0.11975359916687012,5e-05,-0.8209836026653647,0.2,59.25043185980686,37.2,3.452183889521382
264,978,540672,57.027037220000004,39.81,552,,,,,,,,,,,,,
265,982,542720,56.87026021999999,37.89,552,0.19326171875,0.9110492616891861,1.0907807755284011,0.031917907,2640,-0.04068412250489928,0.07494975626468658,5e-05,-0.8127884801477194,0.2,,,
266,985,544768,56.865361439999994,36.81,552,0.1896484375,0.9103180095553398,1.0570738344918937,0.033161506,2650,-0.0369344911101507,0.11863509565591812,5e-05,-0.7868035798892379,0.2,,,
267,989,546816,56.94290403,38.49,552,0.19287109375,0.898065984249115,1.1127560336142779,0.038953125,2660,-0.0387250209969352,0.12724097073078156,5e-05,-0.7816174291074276,0.2,,,
268,992,548864,57.40614558,38.07,552,0.22001953125,0.9380834214389324,0.823083262797445,0.038651012,2670,-0.041685346855956595,0.08704575896263123,5e-05,-0.8071826789528131,0.2,,,
,,550000,,,,0.192919921875,0.9285230338573456,0.71951899593696,0.041387666,2680,-0.03859130172204459,0.09698747843503952,5e-05,-0.7803678084164858,0.2,58.66393883893884,35.4,2.6422415238426766
269,996,550912,57.50028442000001,37.02,552,,,,,,,,,,,,,
270,1000,552960,56.990377679999995,37.14,552,0.198388671875,0.9279574379324913,0.873308711964637,0.03314158,2690,-0.03954043118574191,0.18040314316749573,5e-05,-0.7970532719045877,0.2,,,
271,1004,555008,56.79704356,36.63,552,0.17333984375,0.8409997224807739,1.6025936753489076,0.034001283,2700,-0.03441516888706246,0.16958338022232056,5e-05,-0.8026934584602714,0.2,,,
272,1007,557056,56.94501867999998,37.35,552,0.17119140625,0.8601055294275284,1.3272468582261354,0.033325646,2710,-0.03846221729072567,0.20141205191612244,5e-05,-0.7799251396209002,0.2,,,
273,1011,559104,56.67482707999999,38.25,552,0.17978515625,0.8858903869986534,1.5085560305044055,0.03449191,2720,-0.036050106018956286,0.20297299325466156,5e-05,-0.7857021909207106,0.2,,,
,,560000,,,,0.23525390625,0.9115405604243279,0.9563348467461765,0.04253706,2730,-0.037128973394283095,0.16683508455753326,5e-05,-0.788933327421546,0.2,57.8634324009324,37.8,3.4224575359358345
274,1015,561152,56.874179399999996,38.37,552,,,,,,,,,,,,,
275,1018,563200,57.74402594,37.14,552,0.169677734375,0.8870857730507851,1.2354655105620622,0.043368176,2740,-0.03635811044659931,0.09629698097705841,5e-05,-0.8012648750096559,0.2,,,
276,1021,565248,57.34989461999999,37.74,553,0.198779296875,0.933010533452034,0.9313481168821454,0.040753946,2750,-0.03647526963759447,0.0744202509522438,5e-05,-0.7722065409645438,0.2,,,
277,1025,567296,56.89767833,37.26,553,0.193896484375,0.8897687271237373,1.1326321637257935,0.035173878,2760,-0.03783150556846522,0.17074674367904663,5e-05,-0.7988910332322121,0.2,,,
278,1028,569344,56.70734829,37.02,553,0.17548828125,0.8822974786162376,1.1403776496648788,0.032512367,2770,-0.034440441931656095,0.14078590273857117,5e-05,-0.7658809993416071,0.2,,,
,,570000,,,,0.18134765625,0.8798999711871147,1.5651127832010387,0.036302414,2780,-0.03784316502278671,0.20567861199378967,5e-05,-0.7549289587885142,0.2,58.73049034299034,40.2,2.9775665655152803
279,1032,571392,57.500291020000006,37.92,553,,,,,,,,,,,,,
280,1035,573440,56.387990179999996,37.83,553,0.213232421875,0.9265132397413254,0.7403883054386824,0.057980914,2790,-0.04188701919920277,0.06790537387132645,5e-05,-0.7490243190899492,0.2,,,
281,1039,575488,56.67430539000001,38.1,553,0.192822265625,0.8808281421661377,1.188609883468598,0.038262114,2800,-0.038364032936806326,0.12135375291109085,5e-05,-0.762484816275537,0.2,,,
282,1042,577536,57.24480608999999,38.22,553,0.214599609375,0.9402165971696377,0.8140731297433377,0.04154912,2810,-0.04096173019061098,0.07644548267126083,5e-05,-0.7708316801115871,0.2,,,
283,1046,579584,56.51428519999999,37.8,553,0.20625,0.8963275700807571,1.022065853094682,0.042972073,2820,-0.03614146343898028,0.10205961018800735,5e-05,-0.7712661195546389,0.2,,,
,,580000,,,,0.189794921875,0.917487695813179,0.9711752837989479,0.037027217,2830,-0.03227408368838951,0.17269949615001678,5e-05,-0.7412290818989277,0.2,58.446075452325445,36.9,4.0308718368443515
284,1050,581632,57.06635459,37.29,553,,,,,,,,,,,,,
285,1053,583680,57.43908006000001,37.11,554,0.189453125,0.8790887594223022,1.1913890172727406,0.037081443,2840,-0.035515576595207675,0.29424190521240234,5e-05,-0.7454121436923742,0.2,,,
286,1056,585728,57.78616341999999,37.8,554,0.181640625,0.9085050225257874,1.0865417098626495,0.042523958,2850,-0.038877692040114195,0.20830099284648895,5e-05,-0.7537434907630086,0.2,,,
287,1060,587776,58.21927562,36.75,554,0.21572265625,0.9017559885978699,1.0271880780812352,0.039290152,2860,-0.03143909452774096,0.08595017343759537,5e-05,-0.7581165289506316,0.2,,,
288,1063,589824,57.789080590000005,37.23,554,0.173974609375,0.9221214652061462,0.864662021631375,0.037731763,2870,-0.037064471645862795,0.10612354427576065,5e-05,-0.7310777990147471,0.2,,,
,,590000,,,,0.1970703125,0.923362672328949,0.9266022641211749,0.041396044,2880,-0.03656039161651279,0.1342923641204834,5e-05,-0.759562842361629,0.2,57.92599067599067,36.6,4.439566986191149
289,1067,591872,57.304684909999985,37.17,554,,,,,,,,,,,,,
290,1071,593920,57.62637771000001,37.53,554,0.19833984375,0.8991491720080376,1.078644185140729,0.036393836,2890,-0.03769811426172964,0.12674671411514282,5e-05,-0.7593106074258685,0.2,,,
291,1074,595968,57.77664133000001,37.68,554,0.199853515625,0.9434926174581051,0.672048456594348,0.040499114,2900,-0.0381412060232833,0.029305942356586456,5e-05,-0.7406884977594018,0.2,,,
292,1077,598016,57.447450280000005,37.35,554,0.2044921875,0.9330592676997185,0.7870584787335246,0.0475865,2910,-0.03705117640056414,0.09669144451618195,5e-05,-0.7340959165245294,0.2,,,
,,600000,,,,0.20107421875,0.9308757036924362,0.6919061334338039,0.04088329,2920,-0.037549076153663916,0.03260451555252075,5e-05,-0.7459927897900342,0.2,60.02422542735043,38.4,1.5960231913388772
293,1081,600064,58.05316273000001,38.01,554,,,,,,,,,,,,,
294,1085,602112,57.64648432,38.28,554,0.202294921875,0.944873858243227,0.6972479749936611,0.039339766,2930,-0.0370326815493172,0.042681291699409485,5e-05,-0.7612616222351789,0.2,,,
295,1088,604160,57.061209749999996,36.9,554,0.19580078125,0.9227658435702324,0.9335950511042028,0.03916128,2940,-0.037198395546874964,0.10417398810386658,5e-05,-0.7769631771370769,0.2,,,
296,1092,606208,57.298621510000004,37.74,554,0.1943359375,0.9218574613332748,0.9455258682835848,0.033390086,2950,-0.03838637161534279,0.08469567447900772,5e-05,-0.7700531968846918,0.2,,,
297,1095,608256,57.57500921,38.61,555,0.19814453125,0.9292876273393631,1.0059372074902058,0.032155134,2960,-0.038418773049488666,0.09772346913814545,5e-05,-0.764109673164785,0.2,,,
,,610000,,,,0.18876953125,0.9058958739042282,1.0146376141812652,0.044626404,2970,-0.03979746419354342,0.13686500489711761,5e-05,-0.7558184742927552,0.2,58.66781898656899,34.2,3.4571601886371788
298,1099,610304,57.399859930000005,37.68,555,,,,,,,,,,,,,
299,1102,612352,56.6378546,37.56,555,0.203173828125,0.8832074999809265,1.0427237371448428,0.038362373,2980,-0.04169188196101459,0.07208001613616943,5e-05,-0.7608618311583996,0.2,,,
300,1106,614400,57.19222024,37.86,555,0.18212890625,0.8823614045977592,1.3649971343576908,0.031501617,2990,-0.03222032466874225,0.2419239729642868,5e-05,-0.7267832823097706,0.2,,,
301,1109,616448,57.27304338,38.88,555,0.2087890625,0.9368178322911263,0.7937676671892404,0.042305708,3000,-0.038090900636598236,0.128819078207016,5e-05,-0.7496903380379081,0.2,,,
302,1113,618496,56.93273459000001,38.94,555,0.215771484375,0.9244051724672318,1.001798203168437,0.042156745,3010,-0.04217805015650811,0.135848730802536,5e-05,-0.7722149083390832,0.2,,,
,,620000,,,,0.1984375,0.9258931577205658,0.8850122401025147,0.047858752,3020,-0.03438711541530211,0.10353507101535797,5e-05,-0.742460847273469,0.2,59.6357683982684,36.3,4.482825001675046
303,1117,620544,57.15766657,38.01,555,,,,,,,,,,,,,
304,1120,622592,57.13317175,37.74,555,0.180419921875,0.9014011174440384,1.2146763342432678,0.04091325,3030,-0.03836001706076786,0.1505224108695984,5e-05,-0.7452172555029393,0.2,,,
305,1124,624640,57.13026557999999,38.73,555,0.187353515625,0.8686223179101944,1.4668304031714796,0.033112414,3040,-0.03470884682610631,0.2520105540752411,5e-05,-0.7501647789031267,0.2,,,
306,1127,626688,57.34374252,37.71,555,0.210888671875,0.9205607250332832,0.7793868973385543,0.046141773,3050,-0.04300604635936907,0.050399020314216614,5e-05,-0.7597926003858447,0.2,,,
307,1131,628736,56.701021010000005,37.74,555,0.190234375,0.889674536883831,0.985947611136362,0.04248123,3060,-0.036847747080901175,0.13938026130199432,5e-05,-0.7503216279670596,0.2,,,
,,630000,,,,0.192724609375,0.8873935490846634,1.2909418273251503,0.03806953,3070,-0.041092107981967274,0.06912919878959656,5e-05,-0.7633407460525632,0.2,58.90812055591467,41.1,3.0216893266911775
308,1135,630784,56.977056979999986,38.04,555,,,,,,,,,,,,,
309,1138,632832,58.02861299,37.95,555,0.20439453125,0.9338497146964073,0.704959918698296,0.04350487,3080,-0.03731695832684636,0.15360470116138458,5e-05,-0.7328052235767245,0.2,,,
310,1141,634880,58.13172113999999,38.01,555,0.216064453125,0.945247009396553,0.7508971546776593,0.047846988,3090,-0.03622207686130423,0.04018859565258026,5e-05,-0.7174657126888633,0.2,,,
311,1145,636928,58.40187591,39.09,556,0.201513671875,0.9350071102380753,0.8831796604208648,0.03826239,3100,-0.0344860286815674,0.2136492282152176,5e-05,-0.7464396540075541,0.2,,,
312,1148,638976,58.151701900000006,38.55,556,0.22666015625,0.9489310309290886,0.6674990394618362,0.04946833,3110,-0.03990388466190779,0.07302317023277283,5e-05,-0.7352882923558355,0.2,,,
,,640000,,,,0.19404296875,0.9029358327388763,1.0886727411299943,0.044668995,3120,-0.03549240492284298,0.14562956988811493,5e-05,-0.7042671903967858,0.2,57.52243993751347,39.3,3.2629455334099315
313,1152,641024,58.06319808999999,37.41,556,,,,,,,,,,,,,
314,1156,643072,58.08737238999999,37.53,556,0.19970703125,0.9404929094016552,0.6912386356852949,0.042296924,3130,-0.0382530214934377,0.042956434190273285,5e-05,-0.7205631125718355,0.2,,,
315,1159,645120,57.668126949999994,37.08,556,0.206298828125,0.9249940365552902,0.8137898373417556,0.044444334,3140,-0.04257892018067651,0.09970788657665253,5e-05,-0.7035049762576818,0.2,,,
316,1162,647168,57.66700316000001,36.87,556,0.196484375,0.9281159192323685,0.7259099062066525,0.039568223,3150,-0.038173098264087456,0.1164504662156105,5e-05,-0.7033871280029416,0.2,,,
317,1166,649216,58.00939803,38.04,556,0.19638671875,0.9180087149143219,0.9259999194648116,0.041329302,3160,-0.03803796289430465,0.14696553349494934,5e-05,-0.7236750334501266,0.2,,,
,,650000,,,,0.21875,0.9430276155471802,0.7978650408331305,0.050302662,3170,-0.04108883276057895,0.15479758381843567,5e-05,-0.7237688476219774,0.2,57.56182047119546,37.8,3.223568857648861
318,1170,651264,58.11692451,37.77,556,,,,,,,,,,,,,
319,1173,653312,57.390068629999995,37.8,556,0.21484375,0.9242264628410339,0.7973263021092862,0.04550808,3180,-0.038683790824143215,0.10687144845724106,5e-05,-0.7467697003856302,0.2,,,
320,1177,655360,56.80430444,38.79,556,0.20791015625,0.9228034615516663,0.8328740226104856,0.047403324,3190,-0.04291859784425469,0.07318712770938873,5e-05,-0.7531101791188121,0.2,,,
321,1180,657408,57.41846012,38.34,556,0.188623046875,0.894854411482811,1.1822074052877725,0.042931817,3200,-0.038247328459692656,0.18593668937683105,5e-05,-0.7614829646423459,0.2,,,
322,1184,659456,58.07862347,38.55,556,0.209130859375,0.9157157614827156,1.100596026983112,0.042974338,3210,-0.037094696002895944,0.23117926716804504,5e-05,-0.7259417425841093,0.2,,,
,,660000,,,,0.19169921875,0.9247175082564354,0.8694049156270921,0.037280977,3220,-0.03801860666717403,0.07214285433292389,5e-05,-0.7475988615304232,0.2,60.15478896103896,38.4,2.835761811537752
323,1188,661504,58.54326135000001,37.77,556,,,,,,,,,,,,,
324,1191,663552,58.008766259999994,38.13,556,0.203466796875,0.9298688992857933,0.8962773418985307,0.038680542,3230,-0.03541633544227807,0.14724475145339966,5e-05,-0.7252997070550918,0.2,,,
325,1194,665600,57.855645749999994,38.79,557,0.196240234375,0.9213140308856964,0.9025128762703389,0.04492461,3240,-0.03744636720512062,0.1009911373257637,5e-05,-0.7179162848740817,0.2,,,
326,1198,667648,57.83578549,37.71,557,0.19306640625,0.9232983514666557,0.8576136440970004,0.043348834,3250,-0.037469832290662454,0.043203286826610565,5e-05,-0.7329754495993257,0.2,,,
327,1201,669696,57.50142518,36.96,557,0.191748046875,0.894361637532711,1.051860488578677,0.042907566,3260,-0.037913184710487255,0.11375909298658371,5e-05,-0.7040944498032331,0.2,,,
,,670000,,,,0.1671875,0.8775611445307732,1.303306473698467,0.032128748,3270,-0.03161850516917184,0.13435719907283783,5e-05,-0.7008999742567539,0.2,59.62818391779789,41.1,2.4707121318663736
328,1205,671744,57.498948479999996,37.77,557,,,,,,,,,,,,,
329,1209,673792,57.29836504,37.35,557,0.21640625,0.9337287619709969,0.8171881895978004,0.044930857,3280,-0.04105773069895804,0.053402937948703766,5e-05,-0.7284925797954201,0.2,,,
330,1212,675840,57.363907340000004,37.26,557,0.18974609375,0.8751649484038353,1.2904334380291402,0.040663805,3290,-0.03319172240153421,0.1288810670375824,5e-05,-0.6968142159283162,0.2,,,
331,1216,677888,58.11050329,37.89,557,0.207470703125,0.8812732473015785,1.1290013352874666,0.039909188,3300,-0.03663004096597433,0.08254317939281464,5e-05,-0.737013397552073,0.2,,,
332,1219,679936,57.622581339999996,36.99,557,0.222412109375,0.9131162017583847,0.9482029540929944,0.04484172,3310,-0.03799551923875697,0.11010847985744476,5e-05,-0.7270018300041556,0.2,,,
,,680000,,,,0.200439453125,0.8973829075694084,1.1716925635002553,0.045468505,3320,-0.038565923442365604,0.13248856365680695,5e-05,-0.7182198526337743,0.2,57.92816905316905,35.4,4.194414567615885
333,1223,681984,57.46660329,37.44,557,,,,,,,,,,,,,
334,1226,684032,56.99417033,38.85,557,0.221435546875,0.922443188726902,0.775988313741982,0.0467521,3330,-0.041343867688556205,0.0868724063038826,5e-05,-0.7494026562198997,0.2,,,
335,1230,686080,57.52376338999999,38.16,557,0.198876953125,0.8906800374388695,1.3207290285266935,0.038520798,3340,-0.03617319987824885,0.12561887502670288,5e-05,-0.7437325565144419,0.2,,,
336,1233,688128,58.282677670000005,38.19,557,0.22900390625,0.9188070893287659,0.9062859036494046,0.045904703,3350,-0.04323221855884185,0.19643768668174744,5e-05,-0.7344717716798186,0.2,,,
,,690000,,,,0.213232421875,0.9068574085831642,0.9013343558646738,0.047485664,3360,-0.03926645820320118,0.1161235123872757,5e-05,-0.7239815110340715,0.2,59.92923916361417,41.7,1.2028393324799602
337,1237,690176,58.28961319,39.12,557,,,,,,,,,,,,,
338,1240,692224,57.72919887,39.72,557,0.207666015625,0.9312017858028412,0.9471624153200537,0.054846793,3370,-0.04023058045568177,0.06598959118127823,5e-05,-0.7392618741840125,0.2,,,
339,1244,694272,57.80800154999999,37.59,557,0.22001953125,0.9293355941772461,0.7464400864206254,0.04160076,3380,-0.04016662793146679,0.06831337511539459,5e-05,-0.7251846110448241,0.2,,,
340,1247,696320,58.3742874,36.9,558,0.200390625,0.9140064492821693,0.9287165318150074,0.04862593,3390,-0.032153375203779436,0.11976169049739838,5e-05,-0.6937681917101145,0.2,,,
341,1251,698368,58.47887635999999,36.39,558,0.214111328125,0.9308559969067574,0.707718811603263,0.04514111,3400,-0.04214333951094886,0.08525070548057556,5e-05,-0.7070108491927385,0.2,,,
,,700000,,,,0.19130859375,0.8988412469625473,1.0439322965685278,0.036523808,3410,-0.03549753349798266,0.09463612735271454,5e-05,-0.6757823957130313,0.2,59.74531822344322,37.8,3.145191366845621
342,1254,700416,57.57265902,36.72,558,,,,,,,,,,,,,
343,1258,702464,56.842758480000015,37.71,558,0.18349609375,0.91697858273983,1.0044693798758089,0.04113463,3420,-0.03620542729913723,0.08883940428495407,5e-05,-0.6936154028400778,0.2,,,
344,1261,704512,57.21160373000001,37.08,558,0.182275390625,0.8540073782205582,1.5220644395798444,0.034697406,3430,-0.03651285408559488,0.2926296591758728,5e-05,-0.7042030252516269,0.2,,,
345,1265,706560,58.0118353,37.53,558,0.193212890625,0.895427517592907,1.1836991985794156,0.040560555,3440,-0.032117428242054304,0.07803046703338623,5e-05,-0.6912009533494711,0.2,,,
346,1268,708608,58.15951338,37.23,558,0.189404296875,0.889166809618473,1.3691999070346355,0.04224533,3450,-0.03636291446746327,0.34646713733673096,5e-05,-0.6856780724599958,0.2,,,
,,710000,,,,0.20205078125,0.9274459481239319,0.848090535774827,0.040635236,3460,-0.03536431208922295,0.07369521260261536,5e-05,-0.6943971946835518,0.2,59.247806013431024,39.9,2.547940077428514
347,1272,710656,58.24701767,36.33,558,,,,,,,,,,,,,
348,1275,712704,58.06769832999999,37.26,558,0.213720703125,0.9181744605302811,0.9745126233436168,0.042594716,3470,-0.039452371977677106,0.20475158095359802,5e-05,-0.6920516420155763,0.2,,,
349,1279,714752,57.96866631000001,38.73,558,0.207958984375,0.9170099571347237,1.0155812935903668,0.04255691,3480,-0.03922415761044249,0.13602888584136963,5e-05,-0.7199967293068766,0.2,,,
350,1282,716800,58.590070989999994,39.03,558,0.207763671875,0.9336892291903496,0.801048344746232,0.04799579,3490,-0.037236576894065364,0.08868610858917236,5e-05,-0.6897604007273912,0.2,,,
351,1286,718848,58.75233243000002,38.76,558,0.208203125,0.9406486600637436,0.7963166159577668,0.04693239,3500,-0.03955090845265659,0.08439117670059204,5e-05,-0.6778921477496624,0.2,,,
,,720000,,,,0.218212890625,0.9445252008736134,0.7771888977847994,0.052009765,3510,-0.03844204091001302,0.11665436625480652,5e-05,-0.6915996486321092,0.2,58.75790239172593,37.5,3.386518097621573
352,1289,720896,57.36041344,37.71,558,,,,,,,,,,,,,
353,1293,722944,57.27081988999999,37.8,558,0.190478515625,0.8487342000007629,1.5511152924969793,0.037252843,3520,-0.03552217916585505,0.21338677406311035,5e-05,-0.6987742284312844,0.2,,,
354,1296,724992,57.84028727999999,37.38,559,0.219140625,0.918593518435955,1.0993740756064654,0.05583134,3530,-0.04098189891228685,0.04533173143863678,5e-05,-0.7120673736557365,0.2,,,
355,1300,727040,57.94427193999999,37.23,559,0.198583984375,0.9053230136632919,1.1850940487347543,0.04412891,3540,-0.03611056027002633,0.16279682517051697,5e-05,-0.6977889994159341,0.2,,,
356,1303,729088,58.03422867000001,37.86,559,0.197607421875,0.9136461243033409,1.1020032228901981,0.040095072,3550,-0.03697241094778292,0.05362749844789505,5e-05,-0.6789130927994848,0.2,,,
,,730000,,,,0.2005859375,0.9242240786552429,1.0741339889355004,0.045076277,3560,-0.040080859189038164,0.10784701257944107,5e-05,-0.6975929034873843,0.2,60.950520833333336,37.2,2.7098502588145617
357,1307,731136,58.341429989999995,37.89,559,,,,,,,,,,,,,
358,1310,733184,57.90802282999999,38.67,559,0.21025390625,0.93332239985466,0.8060425547417254,0.050573993,3570,-0.038496560823114125,0.10495263338088989,5e-05,-0.6921548007056118,0.2,,,
359,1314,735232,58.12348512000001,37.98,559,0.206298828125,0.9236007034778595,0.9012335488107055,0.04011886,3580,-0.04367118394002319,0.11063376069068909,5e-05,-0.7125982945784927,0.2,,,
360,1317,737280,59.03663756,36.66,559,0.21669921875,0.9287019073963165,0.7103980840183794,0.049203143,3590,-0.03732064732466824,0.05340678244829178,5e-05,-0.6868830000981688,0.2,,,
361,1321,739328,58.73558604,36.48,559,0.208349609375,0.9290929734706879,0.7994922528974712,0.041144237,3600,-0.03449759303912288,0.1249290406703949,5e-05,-0.672852853871882,0.2,,,
,,740000,,,,0.176513671875,0.8786154985427856,1.1462061253841966,0.036057565,3610,-0.032794667666894387,0.08610372990369797,5e-05,-0.6700351415202022,0.2,59.97628968253969,37.2,4.511855124646689
362,1325,741376,58.154390920000026,37.65,559,,,,,,,,,,,,,
363,1328,743424,57.573166499999985,37.5,559,0.209521484375,0.9066239148378372,1.0596791714429856,0.05153443,3620,-0.0367650953514385,0.20232531428337097,5e-05,-0.6660897267982364,0.2,,,
364,1331,745472,56.94397209000002,37.26,559,0.2033203125,0.8829711452126503,1.4336382307112217,0.04165002,3630,-0.0389484246756183,0.2852233946323395,5e-05,-0.6962502367794514,0.2,,,
365,1335,747520,57.67696365,37.65,559,0.1875,0.8724400401115417,1.469086425099522,0.046099655,3640,-0.03462700861709891,0.12669751048088074,5e-05,-0.6691156165674329,0.2,,,
366,1338,749568,58.356664630000004,37.53,559,0.210986328125,0.9231288209557533,0.9861179710365832,0.04985851,3650,-0.0358899259386817,0.0910327285528183,5e-05,-0.6671093083918095,0.2,,,
,,750000,,,,0.218212890625,0.92230124771595,0.915166041161865,0.06594585,3660,-0.03443683906516526,0.08422940224409103,5e-05,-0.6738237988203764,0.2,58.658615710270126,39.9,3.3247668106186787
367,1342,751616,58.76915131,36.24,559,,,,,,,,,,,,,
368,1346,753664,58.637619410000006,36.96,559,0.225634765625,0.9269127696752548,0.7405392520129681,0.053208478,3670,-0.04054727959446609,0.03500725328922272,5e-05,-0.6643417751416564,0.2,,,
369,1349,755712,57.845466890000004,38.1,560,0.20068359375,0.9348172098398209,0.8459460483398289,0.047633782,3680,-0.03921273595915409,0.08889053761959076,5e-05,-0.6627593083307147,0.2,,,
370,1352,757760,58.02544292,38.19,560,0.20908203125,0.9199872091412544,0.9065614268649369,0.047614302,3690,-0.0399415174339083,0.12626980245113373,5e-05,-0.6880185108631849,0.2,,,
371,1356,759808,57.40218419,37.35,560,0.222119140625,0.933888740837574,0.7726789434440434,0.05234409,3700,-0.04157593355193967,0.094628244638443,5e-05,-0.669710573554039,0.2,,,
,,760000,,,,0.2087890625,0.8722182810306549,1.0909927943255753,0.04971745,3710,-0.03759799550898606,0.16167645156383514,5e-05,-0.6751095285639167,0.2,59.22396561771562,33.9,4.08041594137381
372,1360,761856,57.55865852,37.2,560,,,,,,,,,,,,,
373,1363,763904,57.335731589999995,38.1,560,0.190771484375,0.9083908274769783,1.147994696907699,0.03499071,3720,-0.03696317818830721,0.20028343796730042,5e-05,-0.6546450674533844,0.2,,,
374,1367,765952,57.78479093000001,38.25,560,0.169140625,0.8294685631990433,2.128921618219465,0.03214728,3730,-0.028035713184362977,0.4642820656299591,5e-05,-0.6554137466475367,0.2,,,
375,1370,768000,58.37263109999999,37.35,560,0.20625,0.9061790257692337,1.0134319144766777,0.054266334,3740,-0.03387705270433798,0.06077326834201813,5e-05,-0.6611991934478283,0.2,,,
,,770000,,,,0.198193359375,0.9002796933054924,1.1090017622336745,0.038948305,3750,-0.03424619455181528,0.11464044451713562,5e-05,-0.6280583653599023,0.2,58.50666573010322,39.0,4.908015687404755
376,1374,770048,57.765617299999995,37.26,560,,,,,,,,,,,,,
377,1377,772096,58.038505640000004,38.1,560,0.206982421875,0.9190508723258972,0.9902376480400562,0.050174154,3760,-0.038601403385109735,0.17737022042274475,5e-05,-0.6253901403397322,0.2,,,
378,1381,774144,58.55380750000001,38.16,560,0.213623046875,0.9171547070145607,0.9956770021934063,0.051668428,3770,-0.03622095253085718,0.12426798790693283,5e-05,-0.6656116710975766,0.2,,,
379,1384,776192,58.11457535999999,36.48,560,0.2427734375,0.9406306892633438,0.6474648877512663,0.0649991,3780,-0.03967683671507984,0.11869214475154877,5e-05,-0.6553234605118632,0.2,,,
380,1387,778240,57.608525629999995,36.33,560,0.1919921875,0.8860284835100174,1.561886714026332,0.034764368,3790,-0.03614632759999949,0.3628605306148529,5e-05,-0.6678611885756254,0.2,,,
,,780000,,,,0.186767578125,0.9009602814912796,1.0733472865074873,0.04794912,3800,-0.03652620531793218,0.1484421342611313,5e-05,-0.6720991035923362,0.2,59.28103146853147,36.3,5.407366921291629
381,1391,780288,57.987959499999995,36.87,560,,,,,,,,,,,,,
382,1395,782336,58.28659017999999,37.71,560,0.210400390625,0.9261384159326553,0.9335623250342906,0.045443326,3810,-0.04003669469821034,0.09663329273462296,5e-05,-0.6521703700535,0.2,,,
383,1398,784384,57.60164225,38.19,560,0.206982421875,0.9202387630939484,1.1338368942029775,0.05148019,3820,-0.03871182510338258,0.2058655321598053,5e-05,-0.678052038140595,0.2,,,
384,1402,786432,57.909895639999995,38.64,560,0.21650390625,0.925863079726696,1.0073273761197925,0.046225768,3830,-0.04184224767668639,0.05656593292951584,5e-05,-0.6627664813771844,0.2,,,
385,1405,788480,58.8137639,37.83,561,0.20078125,0.9203710481524467,1.1765141826123,0.043293707,3840,-0.03860659400816076,0.1326606720685959,5e-05,-0.6327095396816731,0.2,,,
,,790000,,,,0.21875,0.9198359027504921,0.8902324984315783,0.045931533,3850,-0.03765035910328152,0.052482977509498596,5e-05,-0.6331484504044056,0.2,59.758453525641016,39.3,3.171435177548245
386,1409,790528,58.97582813,36.54,560,,,,,,,,,,,,,
387,1412,792576,58.46210440000001,37.2,561,0.220849609375,0.9361193180084229,0.699652268504724,0.055798344,3860,-0.036045872073736974,0.059429340064525604,5e-05,-0.6443360740318894,0.2,,,
388,1416,794624,58.751507319999995,37.65,561,0.22724609375,0.9370402246713638,0.7167847153265029,0.052535474,3870,-0.03802230701548979,0.1054382249712944,5e-05,-0.6531799580901861,0.2,,,
389,1419,796672,58.43034258000001,38.07,561,0.2171875,0.936250776052475,0.7773785153403878,0.051354166,3880,-0.03880287474603392,0.11622976511716843,5e-05,-0.6499965388327837,0.2,,,
390,1423,798720,57.97553241000001,37.14,561,0.222607421875,0.9200126975774765,0.924269855581224,0.05368621,3890,-0.042686186151695435,0.07698079943656921,5e-05,-0.650158591195941,0.2,,,
,,800000,,,,0.197802734375,0.9203815683722496,0.9767462599556893,0.043269694,3900,-0.03863101705064764,0.14454945921897888,5e-05,-0.6490790048614145,0.2,60.20885780885781,36.6,2.7729724898939434
391,1426,800768,58.89286226999999,38.22,561,,,,,,,,,,,,,
392,1430,802816,58.75331057,38.31,561,0.22822265625,0.9426190443336964,0.5821615192107856,0.056648538,3910,-0.0346584086320945,-0.002435252070426941,5e-05,-0.656148935854435,0.2,,,
393,1433,804864,58.45836885999999,38.88,561,0.19677734375,0.9272229447960854,0.8350530906114727,0.042628888,3920,-0.036734580079792065,0.05466382950544357,5e-05,-0.6406564233824611,0.2,,,
394,1437,806912,59.31028218,39.48,561,0.209521484375,0.9321787729859352,0.972911880351603,0.046961393,3930,-0.03842066866054665,0.17276054620742798,5e-05,-0.666870060376823,0.2,,,
395,1440,808960,58.3734774,37.77,561,0.24169921875,0.9515871740877628,0.4770359142916277,0.080544546,3940,-0.04070545107679209,0.03297498822212219,5e-05,-0.6605283245444298,0.2,,,
,,810000,,,,0.205615234375,0.8994301706552505,1.0321164663415403,0.0531755,3950,-0.035413865125156006,0.0883842259645462,5e-05,-0.6348753267899155,0.2,61.24936729936729,38.1,3.728881393722445
396,1444,811008,57.881121969999995,37.71,561,,,,,,,,,,,,,
397,1447,813056,58.87714053999999,38.01,561,0.215771484375,0.9257083162665367,0.702905897796154,0.046471275,3960,-0.03773878305219114,0.02616739273071289,5e-05,-0.658475735411048,0.2,,,
398,1451,815104,59.18842260000001,38.16,561,0.210546875,0.9357266947627068,0.8921470311935991,0.049179956,3970,-0.03252340172766708,0.08631140738725662,5e-05,-0.640287229605019,0.2,,,
399,1454,817152,59.026782589999996,38.31,561,0.215966796875,0.92271988093853,0.802489178813994,0.052769523,3980,-0.040100489280303006,0.1295655369758606,5e-05,-0.6478875873610377,0.2,,,
400,1458,819200,59.05054988999999,38.55,561,0.209521484375,0.9363074228167534,0.6335620750673115,0.05836395,3990,-0.03747429689683486,0.04421912878751755,5e-05,-0.6420882724225521,0.2,,,
,,820000,,,,0.2119140625,0.9489240199327469,0.6397798608057201,0.04758216,4000,-0.03749608983343933,0.06458928436040878,5e-05,-0.6277533052489161,0.2,59.95015331890331,36.3,2.3365558227967225
401,1462,821248,59.27789455,37.92,561,,,,,,,,,,,,,
402,1465,823296,59.23585832999999,37.68,561,0.21611328125,0.9449526518583298,0.5704346588347107,0.05243928,4010,-0.0380582980113104,0.08321326971054077,5e-05,-0.637373761087656,0.2,,,
403,1469,825344,59.46716309000001,38.34,561,0.216064453125,0.9499033950269222,0.6558339315000922,0.058941163,4020,-0.03684324045316316,0.05600106716156006,5e-05,-0.6532488029450179,0.2,,,
404,1472,827392,58.88869867,38.37,561,0.1990234375,0.9486799016594887,0.6156252245418727,0.04346327,4030,-0.03355180691432906,0.12246796488761902,5e-05,-0.6382281010970473,0.2,,,
405,1476,829440,57.64448217,39.45,561,0.2126953125,0.9295402392745018,0.8521645423490554,0.05734683,4040,-0.044927649995952376,0.06832044571638107,5e-05,-0.6724940547719598,0.2,,,
,,830000,,,,0.218017578125,0.9364526867866516,0.6672830792842432,0.055226535,4050,-0.04171431475551799,0.03671247512102127,5e-05,-0.6659105829894543,0.2,61.130180236430235,37.5,2.558304993969205
406,1480,831488,58.29063008,38.91,561,,,,,,,,,,,,,
407,1483,833536,59.006194140000005,38.25,561,0.2419921875,0.9510845988988876,0.5928244473878295,0.06354271,4060,-0.039569644487346525,0.04088253527879715,5e-05,-0.6743724167346954,0.2,,,
408,1486,835584,58.59099775000001,38.28,561,0.21474609375,0.9379879422485828,0.734264855273068,0.05328174,4070,-0.03948985411116155,0.054859936237335205,5e-05,-0.671829123981297,0.2,,,
409,1490,837632,58.86773075000001,37.8,562,0.20732421875,0.9149932414293289,0.9707996553275734,0.044536658,4080,-0.03751685278839432,0.13854196667671204,5e-05,-0.6654201529920101,0.2,,,
410,1493,839680,58.80975868,38.37,562,0.247509765625,0.9496570751070976,0.474609381519258,0.059462037,4090,-0.042143335108994505,0.017277643084526062,5e-05,-0.6743885232135653,0.2,,,
,,840000,,,,0.233349609375,0.9434575773775578,0.6898001516237855,0.053302206,4100,-0.039505271313828416,0.14588235318660736,5e-05,-0.656800183095038,0.2,62.35306672494173,36.9,1.9210393853269871
411,1497,841728,58.673046189999994,37.77,562,,,,,,,,,,,,,
412,1501,843776,59.53996262,37.11,562,0.20732421875,0.9348258525133133,0.6998772044666112,0.04404588,4110,-0.03642267849791096,0.08099275827407837,5e-05,-0.6634195452556014,0.2,,,
413,1504,845824,59.19124074999999,37.95,562,0.2251953125,0.9438812583684921,0.6922763657290488,0.05379566,4120,-0.03884786075213924,0.11025634407997131,5e-05,-0.653654283285141,0.2,,,
414,1507,847872,58.758400919999985,38.16,562,0.227587890625,0.9331149086356163,0.6864298291970045,0.058627233,4130,-0.0419114960503066,0.10000819712877274,5e-05,-0.6829046970233321,0.2,,,
415,1511,849920,58.29892368000001,38.04,562,0.2205078125,0.93791289255023,0.6480464070104063,0.052367404,4140,-0.04062072022788925,0.026902154088020325,5e-05,-0.6602942824363709,0.2,,,
,,850000,,,,0.207861328125,0.9231413528323174,0.9275401785969735,0.053450324,4150,-0.03863457563129487,0.07056161761283875,5e-05,-0.659808986261487,0.2,60.61531737955886,39.6,3.2958287009390403
416,1515,851968,58.76362144999999,37.98,562,,,,,,,,,,,,,
417,1518,854016,59.264572609999995,36.45,562,0.21064453125,0.921081654727459,0.7687766411341727,0.05542595,4160,-0.032792910703574304,0.10557426512241364,5e-05,-0.6225938295945526,0.2,,,
418,1522,856064,59.56142927999999,37.59,562,0.20986328125,0.9307129010558128,0.5964580720057711,0.05557122,4170,-0.03633014408842428,0.020015530288219452,5e-05,-0.6094676131382585,0.2,,,
419,1525,858112,59.83791024999999,37.47,562,0.19775390625,0.9428839236497879,0.7124488964211195,0.050090842,4180,-0.037120593940198884,0.07852217555046082,5e-05,-0.6339343743398785,0.2,,,
,,860000,,,,0.22001953125,0.9460953027009964,0.5133691324852407,0.05535232,4190,-0.036356120984419246,0.07649946957826614,5e-05,-0.6301438445225358,0.2,62.093290043290054,38.4,2.4973850071258563
420,1529,860160,59.72655504,37.77,562,,,,,,,,,,,,,
421,1533,862208,59.18649233,37.74,562,0.21748046875,0.9494746252894402,0.5635257471352816,0.05643528,4200,-0.03857368291792227,0.04317260533571243,5e-05,-0.6259720897302031,0.2,,,
422,1536,864256,59.540281799999995,37.44,562,0.21533203125,0.9384741112589836,0.7550072675105184,0.053103402,4210,-0.03984561662073247,0.07567103952169418,5e-05,-0.6221408603712917,0.2,,,
423,1539,866304,59.963926949999994,37.38,562,0.207177734375,0.9319725260138512,0.7567653840407729,0.053255104,4220,-0.03983190088474657,0.11490243673324585,5e-05,-0.6479295633733273,0.2,,,
424,1543,868352,60.30827061,38.07,562,0.197509765625,0.9327413216233253,0.8733083132654429,0.056259934,4230,-0.036154085739690346,0.13830740749835968,5e-05,-0.6145051521249115,0.2,,,
,,870000,,,,0.223193359375,0.9581325873732567,0.5492635582108051,0.04887907,4240,-0.03839414316680632,0.06835483014583588,5e-05,-0.6290611956268549,0.2,58.956224861739564,33.9,3.002502590022275
425,1547,870400,59.6969022,38.01,562,,,,,,,,,,,,,
426,1550,872448,59.47454272,38.07,562,0.22529296875,0.947738766670227,0.6064251672942191,0.069021605,4250,-0.03845571975543862,0.05125272274017334,5e-05,-0.6165992187336087,0.2,,,
427,1554,874496,58.66427028000001,38.34,562,0.19775390625,0.9115748330950737,1.0898771734442563,0.046275686,4260,-0.03277593355451245,0.07673822343349457,5e-05,-0.6410952409729361,0.2,,,
428,1557,876544,58.58328093000001,37.29,562,0.20537109375,0.9197606816887856,0.8124326261226088,0.05149657,4270,-0.03471688158751931,0.0494965985417366,5e-05,-0.6241933604702353,0.2,,,
429,1560,878592,59.26678147,37.53,562,0.224609375,0.9452274180948734,0.5214031628798693,0.06720886,4280,-0.042429841462580956,0.0007288679480552673,5e-05,-0.6186770781874656,0.2,,,
,,880000,,,,0.222900390625,0.946131493896246,0.535517537011765,0.053870387,4290,-0.040575574745889756,0.03838413208723068,5e-05,-0.6114635543897748,0.2,61.14359490107845,42.0,1.80356387210397
430,1564,880640,59.62353563999999,37.47,562,,,,,,,,,,,,,
431,1568,882688,59.363439879999994,38.25,562,0.22236328125,0.9464154317975044,0.4932818268192932,0.054046445,4300,-0.040152027393924074,0.03623681515455246,5e-05,-0.6187907373532653,0.2,,,
432,1571,884736,59.54103977,39.03,562,0.21982421875,0.9448300525546074,0.6324889213312417,0.058324613,4310,-0.03857710397132905,0.06144511699676514,5e-05,-0.6336721654981374,0.2,,,
433,1575,886784,59.40019712000001,37.86,562,0.195654296875,0.9483514316380024,0.6139952923636883,0.055752005,4320,-0.0359090179175837,0.03745332360267639,5e-05,-0.6022182560525835,0.2,,,
434,1578,888832,59.62664666999999,37.74,563,0.1802734375,0.9338700473308563,0.6600850695744157,0.048770867,4330,-0.031651238625636326,0.07940270006656647,5e-05,-0.5926063677296043,0.2,,,
,,890000,,,,0.231005859375,0.9528125151991844,0.43883593697100876,0.05628138,4340,-0.036243700847262514,0.034417226910591125,5e-05,-0.619118539430201,0.2,59.96836427461428,34.8,2.6178034068491356
435,1582,890880,59.24652562,37.17,562,,,,,,,,,,,,,
436,1585,892928,59.185752900000004,37.2,563,0.19912109375,0.9385005794465542,0.6659584027715028,0.045387957,4350,-0.03704336289520142,0.05294416844844818,5e-05,-0.6076439433731139,0.2,,,
437,1589,894976,59.2985208,36.84,563,0.20419921875,0.9403730183839798,0.6270028629340232,0.043060392,4360,-0.032318504323484376,0.0987553596496582,5e-05,-0.5927585113793612,0.2,,,
438,1592,897024,59.26120813999999,36.78,563,0.22353515625,0.92611163854599,0.7083069167099894,0.056371056,4370,-0.03829061015567277,0.08806225657463074,5e-05,-0.6361890930682421,0.2,,,
439,1596,899072,59.84570439000001,37.26,563,0.205712890625,0.9493855498731136,0.49274805246386677,0.05593517,4380,-0.037893255036033226,0.028595536947250366,5e-05,-0.6066848982125521,0.2,,,
,,900000,,,,0.19560546875,0.94275126978755,0.6646790370810777,0.056460857,4390,-0.03250726469705114,0.06480985879898071,5e-05,-0.629009965993464,0.2,60.85133668414918,36.6,2.1676873766006697
440,1600,901120,59.54701355,38.01,563,,,,,,,,,,,,,
441,1603,903168,59.31131068999999,38.04,563,0.197216796875,0.9384020380675793,0.6204835596028715,0.048145913,4400,-0.03457268602214754,0.05721248686313629,5e-05,-0.6211410768330097,0.2,,,
442,1606,905216,58.96982203,37.14,563,0.1978515625,0.9134686961770058,0.8070620235288516,0.06088322,4410,-0.03456568242108915,0.07172782719135284,5e-05,-0.6409195100888609,0.2,,,
443,1610,907264,59.36768005999999,37.83,563,0.200439453125,0.9396842382848263,0.6662368342978879,0.054409835,4420,-0.03721360256167827,0.06705960631370544,5e-05,-0.6273546174168587,0.2,,,
444,1613,909312,58.59075976000001,38.46,563,0.207373046875,0.9136873483657837,0.6914541408652439,0.047735233,4430,-0.03267961747042136,0.028674356639385223,5e-05,-0.6270021682605147,0.2,,,
,,910000,,,,0.1732421875,0.8966055735945702,1.2172436119057237,0.04973104,4440,-0.03218497561611002,0.18512989580631256,5e-05,-0.6097095819190145,0.2,60.05530563186814,39.9,4.38638155596639
445,1617,911360,58.627482470000004,38.97,563,,,,,,,,,,,,,
446,1621,913408,59.74966569,38.55,563,0.21337890625,0.9076881855726242,0.9575634397100657,0.05559864,4450,-0.03788897858757991,0.16261444985866547,5e-05,-0.6150437302887439,0.2,,,
447,1624,915456,59.46491125999999,39.3,563,0.231982421875,0.9478741995990276,0.5861208609072491,0.060556818,4460,-0.03870107414841186,0.03725665062665939,5e-05,-0.6251597071997821,0.2,,,
448,1627,917504,59.612830729999985,38.64,563,0.20791015625,0.9375314936041832,0.7190676123835147,0.050459754,4470,-0.033698704160633496,0.07621992379426956,5e-05,-0.6510247750207782,0.2,,,
449,1631,919552,59.82299546999999,37.38,563,0.212109375,0.9464886859059334,0.7133055498357862,0.04785694,4480,-0.03632450848963344,0.07587864995002747,5e-05,-0.6242470849305392,0.2,,,
,,920000,,,,0.235107421875,0.9377323463559151,0.6098097581882029,0.06911131,4490,-0.0419948797149118,0.030739516019821167,5e-05,-0.6505695896223187,0.2,60.87778783716283,39.0,3.009838908670773
450,1635,921600,59.27181647,37.56,563,,,,,,,,,,,,,
451,1638,923648,59.69989536999999,38.37,563,0.20146484375,0.933876745402813,0.7345683706458658,0.058620386,4500,-0.036959582482813856,0.04063321650028229,5e-05,-0.609381256159395,0.2,,,
452,1642,925696,59.55083425,38.73,563,0.1947265625,0.938469085842371,0.8363830295857042,0.04850328,4510,-0.03734995665581664,0.1752834916114807,5e-05,-0.6147016393020749,0.2,,,
453,1645,927744,58.831826359999994,37.23,563,0.20302734375,0.9332950115203857,0.7637090935837477,0.04756327,4520,-0.03765969850646798,0.043983809649944305,5e-05,-0.6046165902167558,0.2,,,
454,1649,929792,58.988858119999996,38.37,563,0.210595703125,0.9002446532249451,0.9710442869924009,0.0475576,4530,-0.040826616750564426,0.07329254597425461,5e-05,-0.618368593789637,0.2,,,
,,930000,,,,0.2001953125,0.9313334375619888,0.8238705105148256,0.048842926,4540,-0.03762087166251149,0.07133129239082336,5e-05,-0.6028367383405566,0.2,59.95515491452992,35.7,2.9801470436758146
455,1652,931840,59.35983117,37.62,563,,,,,,,,,,,,,
456,1656,933888,59.22971484,36.36,563,0.19541015625,0.9203888922929764,0.86496527409181,0.04767075,4550,-0.036043361976044255,0.08029896020889282,5e-05,-0.598577796202153,0.2,,,
457,1659,935936,59.21732291,37.23,563,0.21708984375,0.9467253275215626,0.5485019395127892,0.067515954,4560,-0.04090016616100911,0.06317286193370819,5e-05,-0.6047371426597238,0.2,,,
458,1663,937984,58.99108604,38.31,563,0.210302734375,0.9269230663776398,0.7687636696733534,0.06252174,4570,-0.03777239418050158,0.08368493616580963,5e-05,-0.5957558155991137,0.2,,,
,,940000,,,,0.207958984375,0.9363899156451225,0.6661559084663168,0.05322115,4580,-0.03935250980721321,0.016866475343704224,5e-05,-0.5955577807500958,0.2,61.76860708735709,37.8,2.277756189607213
459,1667,940032,59.54351882,37.98,563,,,,,,,,,,,,,
460,1670,942080,59.7674679,36.96,563,0.201123046875,0.9407474994659424,0.7150197439361363,0.045383435,4590,-0.03819502126862062,0.07673243433237076,5e-05,-0.5948369694873691,0.2,,,
461,1674,944128,59.55069301,38.88,563,0.20517578125,0.9362505823373795,0.6641782823484391,0.0527607,4600,-0.03517166457604617,0.2018081396818161,5e-05,-0.5907617116346955,0.2,,,
462,1677,946176,59.22016898,37.8,564,0.213525390625,0.9444600492715836,0.607752294302918,0.058304124,4610,-0.0379260898422217,0.04672597348690033,5e-05,-0.6028520056046546,0.2,,,
463,1680,948224,59.5210567,37.89,564,0.203662109375,0.9369471073150635,0.6053968812804669,0.04931108,4620,-0.034935427612799684,0.05653924122452736,5e-05,-0.5861725017428399,0.2,,,
,,950000,,,,0.21328125,0.9459275342524052,0.601404965436086,0.051599294,4630,-0.037096310436027125,0.05026470124721527,5e-05,-0.5781952404417098,0.2,60.83596091408591,36.6,2.9883029170364024
464,1684,950272,59.455419539999994,37.71,564,,,,,,,,,,,,,
465,1688,952320,59.39917381000001,37.77,564,0.206298828125,0.9445965848863125,0.5315772089874372,0.06928746,4640,-0.035180321836378425,0.07781258970499039,5e-05,-0.5835451244376599,0.2,,,
466,1691,954368,59.87110927000001,37.41,564,0.2109375,0.9300617650151253,0.7747182716149836,0.0465829,4650,-0.037518760276725516,0.08591191470623016,5e-05,-0.6080025320872664,0.2,,,
467,1694,956416,60.06882619,38.07,564,0.202001953125,0.9436756037175655,0.5893914673943073,0.053355314,4660,-0.035919143873616124,0.031647469848394394,5e-05,-0.585074650682509,0.2,,,
468,1698,958464,59.87389465999999,38.79,564,0.19931640625,0.9387556612491608,0.8261843407526612,0.0472574,4670,-0.03373803173599299,0.08683140575885773,5e-05,-0.607368762884289,0.2,,,
,,960000,,,,0.21484375,0.9445762112736702,0.6272674554493278,0.05580746,4680,-0.036713669999153355,0.05324708670377731,5e-05,-0.5988968522287905,0.2,61.7055062992563,37.2,2.8742082013346817
469,1702,960512,60.150357599999985,38.64,564,,,,,,,,,,,,,
470,1705,962560,59.77263742000001,38.01,564,0.202783203125,0.9518072679638863,0.517533018742688,0.049387798,4690,-0.036148318598861806,-0.00885164737701416,5e-05,-0.5714795606210827,0.2,,,
471,1709,964608,59.27270948,37.14,564,0.196875,0.9252462238073349,0.7010797036811709,0.054366287,4700,-0.0326034860117943,0.045386381447315216,5e-05,-0.5721223500557244,0.2,,,
472,1712,966656,59.42589032,37.38,564,0.200634765625,0.9331780299544334,1.0092252264264971,0.043996952,4710,-0.03661214013263816,0.24782365560531616,5e-05,-0.5665094706229865,0.2,,,
473,1716,968704,60.087948579999996,38.73,564,0.210205078125,0.9271800443530083,0.7364580012392252,0.05611922,4720,-0.034484134857484604,0.09936600178480148,5e-05,-0.5660845099948346,0.2,,,
,,970000,,,,0.227001953125,0.9567445851862431,0.4578215960646048,0.061660353,4730,-0.03747469290392473,0.019100770354270935,5e-05,-0.5656042384915054,0.2,59.4473901098901,34.5,4.135812360519945
474,1720,970752,59.95590317999999,37.89,564,,,,,,,,,,,,,
475,1723,972800,59.67688583,38.4,564,0.214599609375,0.9532943218946457,0.43556266457308085,0.06009455,4740,-0.036687767336843535,0.012753501534461975,5e-05,-0.5505623118951917,0.2,,,
476,1727,974848,60.153602299999996,38.76,564,0.22158203125,0.9576016999781132,0.4296619018539786,0.065541856,4750,-0.03846169152820948,-0.014197193086147308,5e-05,-0.5665872615762055,0.2,,,
477,1730,976896,59.56954887,38.07,564,0.227880859375,0.9685372449457645,0.33363415035419164,0.085818626,4760,-0.03744870805749088,-0.005841206759214401,5e-05,-0.5593536288477481,0.2,,,
478,1734,978944,59.33752921,38.58,564,0.207568359375,0.9244277998805046,0.6044420139165595,0.050401412,4770,-0.033875871951750014,0.07408177852630615,5e-05,-0.585589753370732,0.2,,,
,,980000,,,,0.216845703125,0.9391332119703293,0.674649610184133,0.04911577,4780,-0.034230142262822484,0.08749173581600189,5e-05,-0.5749120657332242,0.2,61.793652701465206,39.9,1.8204816162607425
479,1737,980992,60.03328032,38.82,564,,,,,,,,,,,,,
480,1741,983040,60.46846292,38.49,564,0.2208984375,0.9627514705061913,0.3860277282539755,0.05706322,4790,-0.037916867612511854,0.018596917390823364,5e-05,-0.5684027381241321,0.2,,,
481,1744,985088,59.97006867,39.12,564,0.2236328125,0.9619085416197777,0.39125336178112774,0.06248422,4800,-0.03841577837592922,0.01680835708975792,5e-05,-0.5500474690459669,0.2,,,
482,1748,987136,60.05414101000001,38.85,564,0.21787109375,0.9631563276052475,0.3711660376051441,0.06078902,4810,-0.03615148024400696,0.022007998079061508,5e-05,-0.5609788412228227,0.2,,,
483,1751,989184,59.483567480000005,37.98,564,0.20625,0.9597660042345524,0.4104136373847723,0.048965193,4820,-0.036205007327953356,-0.007038485258817673,5e-05,-0.5379742594435811,0.2,,,
,,990000,,,,0.211376953125,0.9347241297364235,0.5453409000765532,0.054624848,4830,-0.03841387355496408,0.057547617703676224,5e-05,-0.5644703575409948,0.2,60.904262649115594,36.3,3.456060108115277
484,1755,991232,59.06632371,37.86,564,,,,,,,,,,,,,
485,1759,993280,59.94588412000001,38.61,564,0.20791015625,0.9458173215389252,0.5762093457160518,0.053208806,4840,-0.03638777917367406,0.02532649040222168,5e-05,-0.5691838848404587,0.2,,,
486,1762,995328,59.615838460000006,38.4,564,0.208984375,0.9510316550731659,0.5893784953281284,0.049470007,4850,-0.03449938672420103,0.06246001273393631,5e-05,-0.5741473011672497,0.2,,,
487,1766,997376,58.98355146000001,37.71,564,0.2193359375,0.9410319365561008,0.5325412513455376,0.06632904,4860,-0.0382613288515131,0.04422011971473694,5e-05,-0.5683269741944968,0.2,,,
488,1769,999424,59.716087849999994,36.84,564,0.218994140625,0.9324997887015343,0.48204467510804533,0.061970808,4870,-0.03389539391064318,0.040375709533691406,5e-05,-0.5835470631718636,0.2,,,
,,1000000,,,,0.20380859375,0.9548820070922375,0.5333304128609597,0.045798887,4880,-0.03648648711678106,0.02702571451663971,5e-05,-0.572322600800544,0.2,58.990178571428565,38.4,4.000119588366098
489,1773,1001472,58.59125060999999,36.84,564,,,,,,,,,,,,,
