time/total_timesteps,rollout/ep_len_mean,rollout/ep_rew_mean,time/iterations,time/time_elapsed,time/fps,train/explained_variance,train/approx_kl,train/clip_range,train/policy_gradient_loss,train/loss,train/entropy_loss,train/clip_fraction,train/n_updates,train/learning_rate,train/value_loss,eval/mean_ep_length,eval/mean_reward
4096,104.15789473684211,-4.7795300526315785,1,2,1499,,,,,,,,,,,,
8192,102.26582278481013,-4.711969873417723,2,6,1209,0.1718481183052063,0.021780603,0.2,-0.03992153913641232,-0.07580117881298065,-3.574163929373026,0.1811767578125,10,0.0003,0.04606771220860537,,
12288,101.36,-4.822775660000001,3,11,1112,0.8796242401003838,0.022990076,0.2,-0.049707857627072374,-0.03744737058877945,-3.5454638581722975,0.216796875,20,0.0003,0.02142016138132021,,
16384,100.33,-4.88705591,4,15,1090,0.9501824453473091,0.019598413,0.2,-0.047045279268786544,-0.09027465432882309,-3.5601753126829863,0.2056884765625,30,0.0003,0.013605999131686985,,
20000,,,,,,0.9491026476025581,0.018206112,0.2,-0.0439774797676364,-0.06912236660718918,-3.5712823305279016,0.1943115234375,40,0.0003,0.011843517465240438,96.8,-5.332156199999999
20480,100.63,-4.6130938,5,19,1045,,,,,,,,,,,,
24576,100.87,-4.507296040000001,6,23,1034,0.9307228773832321,0.018873665,0.2,-0.04469783067434037,-0.0553123764693737,-3.504080620780587,0.2135498046875,50,0.0003,0.009208866087283241,,
28672,102.66,-4.52882161,7,27,1027,0.9463502503931522,0.01769725,0.2,-0.04609381494665286,-0.0877060741186142,-3.478740534931421,0.219189453125,60,0.0003,0.00787619351685862,,
32768,101.91,-4.427401059999999,8,32,1009,0.9608759582042694,0.019460395,0.2,-0.04807289855671115,-0.07095377147197723,-3.4806804213672877,0.218701171875,70,0.0003,0.006382145154748287,,
36864,102.6,-4.36004538,9,36,1005,0.9420394860208035,0.02046537,0.2,-0.04394544845090422,-0.045229438692331314,-3.4802505865693094,0.23984375,80,0.0003,0.006366086839989293,,
40000,,,,,,0.9278567731380463,0.018202636,0.2,-0.04220034313439101,-0.07823733985424042,-3.4545120533555744,0.20078125,90,0.0003,0.006896827807941009,91.4,-8.1143722
40960,103.32,-4.36746948,10,41,990,,,,,,,,,,,,
45056,102.89,-4.26236535,11,45,981,0.9663717225193977,0.019862134,0.2,-0.04773328545343247,-0.06417302042245865,-3.4799382228404285,0.22744140625,100,0.0003,0.003822082405895344,,
49152,101.91,-4.254626699999999,12,50,980,0.9513347186148167,0.018998545,0.2,-0.042676028764253714,-0.07414006441831589,-3.4530822791159155,0.21005859375,110,0.0003,0.00425342688758974,,
53248,102.59,-4.28890105,13,54,985,0.8936545327305794,0.019385848,0.2,-0.04221292875881773,-0.054505009204149246,-3.5059555031359197,0.20888671875,120,0.0003,0.009917140629113419,,
57344,102.4,-4.15369324,14,57,989,0.9367666393518448,0.020521972,0.2,-0.04498507612115645,-0.0642470270395279,-3.4779406733810903,0.23359375,130,0.0003,0.006627368524186749,,
60000,,,,,,0.9301786199212074,0.01945089,0.2,-0.04399511102856195,-0.07660068571567535,-3.4607112899422647,0.2348388671875,140,0.0003,0.0061618674140845545,99.2,-7.2404882
61440,102.16,-4.054061260000001,15,62,982,,,,,,,,,,,,
65536,102.09,-3.98508327,16,66,978,0.9418671242892742,0.02112502,0.2,-0.04507539248952526,-0.04267178475856781,-3.473903874307871,0.24345703125,150,0.0003,0.005122850157749781,,
69632,102.0,-3.8696533399999997,17,71,978,0.9398875869810581,0.021013316,0.2,-0.04722270639249473,-0.058820690959692,-3.5198333729058504,0.2572021484375,160,0.0003,0.0056613324841237045,,
73728,100.65,-3.7659242099999997,18,75,976,0.9173231273889542,0.019166766,0.2,-0.040679967824689814,-0.04305962845683098,-3.4686686538159845,0.2268798828125,170,0.0003,0.005869966642239888,,
77824,100.27,-3.7534887099999996,19,79,978,0.9328354746103287,0.019867431,0.2,-0.044999991203440004,-0.05869002267718315,-3.4773248873651026,0.227734375,180,0.0003,0.005548380304571765,,
80000,,,,,,0.9232220500707626,0.021836445,0.2,-0.04749264887868776,-0.05637349933385849,-3.449972956627607,0.2496337890625,190,0.0003,0.00493881073743978,84.0,-3.8997593999999998
81920,100.56,-3.7532974699999992,20,83,976,,,,,,,,,,,,
86016,102.14,-3.724882790000001,21,88,974,0.9411072321236134,0.021741975,0.2,-0.04635655914862582,-0.07844842970371246,-3.409878147765994,0.2652587890625,200,0.0003,0.005571074789713748,,
90112,101.71,-3.69824629,22,92,973,0.9540662430226803,0.020787993,0.2,-0.04419008639015374,-0.06887568533420563,-3.4254873149096965,0.240625,210,0.0003,0.004430438279814553,,
94208,100.46,-3.64464193,23,96,975,0.9144302234053612,0.020145064,0.2,-0.04364747464569518,-0.0832134410738945,-3.429707884415984,0.2351318359375,220,0.0003,0.006980085663963109,,
98304,101.11,-3.60480577,24,100,976,0.9336372390389442,0.022017617,0.2,-0.048191073849375245,-0.08411701768636703,-3.3953163608908654,0.2552490234375,230,0.0003,0.005428929268782667,,
100000,,,,,,0.9374329894781113,0.021878287,0.2,-0.04749580983479973,-0.08098939061164856,-3.365129220485687,0.2572509765625,240,0.0003,0.0052467249337496465,94.0,-4.2265414
102400,101.0,-3.53910245,25,105,973,,,,,,,,,,,,
106496,100.65,-3.5837333000000005,26,109,972,0.9411990791559219,0.020893726,0.2,-0.045959560775736465,-0.06847153604030609,-3.370866962894797,0.262890625,250,0.0003,0.004885530584488151,,
110592,100.32,-3.5970656300000003,27,113,973,0.9595515094697475,0.020109646,0.2,-0.04874348455414292,-0.07266209274530411,-3.350992202013731,0.2482666015625,260,0.0003,0.004044917941973836,,
114688,99.91,-3.5534345,28,118,966,0.9515451788902283,0.020998476,0.2,-0.04748478557521594,-0.09010996669530869,-3.289834672957659,0.2605712890625,270,0.0003,0.0038918864398510777,,
118784,101.32,-3.4666274300000004,29,123,963,0.9307551085948944,0.020264242,0.2,-0.04367145294454531,-0.06024814397096634,-3.2611714828759433,0.2404052734375,280,0.0003,0.005488510248687817,,
120000,,,,,,0.9279392287135124,0.023888327,0.2,-0.042817624103918206,-0.06974371522665024,-3.257997918128967,0.269775390625,290,0.0003,0.005324361320344906,99.6,-2.9289795999999995
122880,100.82,-3.4032116600000006,30,128,959,,,,,,,,,,,,
126976,101.45,-3.3475495400000006,31,132,961,0.9347164332866669,0.022311721,0.2,-0.04132675509681576,-0.07799971848726273,-3.2465664386749267,0.25302734375,300,0.0003,0.004598742829330149,,
131072,102.29,-3.3982156799999994,32,136,961,0.9369061961770058,0.022984408,0.2,-0.04149315579561517,-0.061713263392448425,-3.2417160857468845,0.2518798828125,310,0.0003,0.005288992283476545,,
135168,101.84,-3.452755459999999,33,140,961,0.9502467960119247,0.023342524,0.2,-0.04647568646905711,-0.060403622686862946,-3.223909505456686,0.26669921875,320,0.0003,0.0047202066427416865,,
139264,101.38,-3.4380313799999995,34,144,961,0.9447954930365086,0.021081384,0.2,-0.04409130725252908,-0.055080872029066086,-3.189599147066474,0.256982421875,330,0.0003,0.0042760726109008825,,
140000,,,,,,0.9541675634682178,0.021186974,0.2,-0.04322148255960201,-0.05482868850231171,-3.1600287735462187,0.239013671875,340,0.0003,0.004731968693067756,88.2,-3.1796078000000003
143360,99.28,-3.4602568,35,149,958,,,,,,,,,,,,
147456,100.7,-3.50567062,36,153,959,0.9418854080140591,0.02380133,0.2,-0.04969555994030088,-0.061552248895168304,-3.1624534603208305,0.269189453125,350,0.0003,0.004638706880632526,,
151552,102.08,-3.51630657,37,157,959,0.9396354109048843,0.023004197,0.2,-0.045445200288668275,-0.06900391727685928,-3.0886223182082175,0.2776611328125,360,0.0003,0.005857586744696164,,
155648,100.56,-3.3809083099999993,38,162,960,0.9538039788603783,0.022630166,0.2,-0.046147056404151954,-0.07154949754476547,-3.1361728690564634,0.270458984375,370,0.0003,0.0036827653408636253,,
159744,100.33,-3.2935820899999992,39,166,960,0.9411273263394833,0.024109839,0.2,-0.04361301102107973,-0.07339800894260406,-3.1260929200798273,0.295751953125,380,0.0003,0.004328008233005676,,
160000,,,,,,0.9493076466023922,0.024411796,0.2,-0.04858765238604974,-0.0681719109416008,-3.084588173404336,0.275439453125,390,0.0003,0.0035672981536663427,91.8,-2.9662824
163840,102.06,-3.382451470000001,40,170,958,,,,,,,,,,,,
167936,101.53,-3.3102852899999995,41,175,958,0.9517748579382896,0.021069922,0.2,-0.04050026296099531,-0.06265132129192352,-3.091127770394087,0.2660400390625,400,0.0003,0.004546260272309155,,
172032,100.39,-3.2216391699999996,42,179,958,0.9380313232541084,0.025506968,0.2,-0.043946568253159055,-0.059119705110788345,-3.1257938757538795,0.2748779296875,410,0.0003,0.00353331456099113,,
176128,101.3,-3.297318480000001,43,183,959,0.9353773966431618,0.022327922,0.2,-0.0436789868206688,-0.06297116726636887,-3.0762899782508613,0.263134765625,420,0.0003,0.004243604719613358,,
180000,,,,,,0.9317516684532166,0.024085239,0.2,-0.04264353506951011,-0.05720549076795578,-3.0055661994963883,0.2667724609375,430,0.0003,0.004996901374579465,91.4,-3.0938022
180224,102.12,-3.378453149999999,44,188,957,,,,,,,,,,,,
184320,102.89,-3.394603240000001,45,192,957,0.9361927881836891,0.024013791,0.2,-0.04606846174283419,-0.06387925893068314,-3.00807965695858,0.267529296875,440,0.0003,0.004659115742560971,,
188416,101.72,-3.2794200800000004,46,196,958,0.9445340968668461,0.026108861,0.2,-0.04344811440932972,-0.0750315934419632,-2.991661236807704,0.2983642578125,450,0.0003,0.00543519124521481,,
192512,101.57,-3.22991157,47,200,959,0.9271585121750832,0.025035303,0.2,-0.041153783112895324,-0.055092599242925644,-3.008440022170544,0.2953857421875,460,0.0003,0.004649105171756674,,
196608,100.58,-3.0828574300000002,48,204,959,0.9264231845736504,0.025144162,0.2,-0.04327473544071836,-0.06716042011976242,-2.990140574425459,0.28583984375,470,0.0003,0.00457178161614138,,
200000,,,,,,0.9249155893921852,0.02543275,0.2,-0.04167842217138969,-0.056459568440914154,-2.9956359550356866,0.2856689453125,480,0.0003,0.005150864082224871,106.8,-3.3226856
200704,102.12,-3.0685096599999997,49,209,957,,,,,,,,,,,,
204800,102.34,-3.0737698,50,214,956,0.9343780279159546,0.027588181,0.2,-0.045053400653341666,-0.07189683616161346,-3.0154820799827577,0.2986328125,490,0.0003,0.0051105497743265,,
208896,102.03,-3.0809878999999993,51,218,954,0.9436890557408333,0.028659273,0.2,-0.0453686252621992,-0.060854069888591766,-3.019062815234065,0.30517578125,500,0.0003,0.00380896888927964,,
212992,101.14,-3.0633565999999997,52,223,954,0.9359748214483261,0.025827738,0.2,-0.04237555959407473,-0.057887423783540726,-2.978464398905635,0.284814453125,510,0.0003,0.004073298699404404,,
217088,101.19,-3.0367515399999996,53,227,952,0.9425707310438156,0.024966922,0.2,-0.04257628946652403,-0.05574484542012215,-2.9730870589613914,0.27314453125,520,0.0003,0.004307060107294092,,
220000,,,,,,0.9578830562531948,0.024897438,0.2,-0.042291512290103125,-0.07452590763568878,-3.015598453208804,0.2924072265625,530,0.0003,0.003538456973274151,89.0,-2.1769054
221184,101.27,-3.07221057,54,232,951,,,,,,,,,,,,
225280,100.98,-3.06110738,55,237,948,0.9572930261492729,0.025690593,0.2,-0.04192378153602476,-0.04378262534737587,-2.9496571257710458,0.27353515625,540,0.0003,0.003518485706536012,,
229376,101.01,-3.05896828,56,242,947,0.9511951021850109,0.02601565,0.2,-0.043586956680883304,-0.060580186545848846,-2.911876267567277,0.29072265625,550,0.0003,0.0038080631240518413,,
233472,101.63,-3.04456749,57,246,945,0.962543960660696,0.027848449,0.2,-0.044630376774148314,-0.04009230062365532,-2.896363040432334,0.3019287109375,560,0.0003,0.0033761185160983585,,
237568,101.18,-3.058310470000001,58,251,943,0.9587954953312874,0.026040573,0.2,-0.041693652090907564,-0.05727099999785423,-2.922861011326313,0.2835693359375,570,0.0003,0.003582293601903075,,
240000,,,,,,0.9516255781054497,0.027399423,0.2,-0.04245719625396305,-0.0685780793428421,-2.8618759348988534,0.2988525390625,580,0.0003,0.004140654280854505,95.0,-2.4147952
241664,100.87,-2.98697233,59,257,939,,,,,,,,,,,,
245760,102.02,-3.032104509999999,60,261,938,0.9479026757180691,0.025693279,0.2,-0.04156887782155536,-0.05534149333834648,-2.880177164822817,0.272412109375,590,0.0003,0.0037044021073597833,,
249856,102.09,-2.9908434899999996,61,265,939,0.9409280344843864,0.02615806,0.2,-0.04455111831412069,-0.09233013540506363,-2.894594004750252,0.2888671875,600,0.0003,0.003412261643552483,,
253952,100.82,-3.0655569499999995,62,269,941,0.929362915456295,0.027035346,0.2,-0.04306797909885063,-0.06393008679151535,-2.8959126975387335,0.2971923828125,610,0.0003,0.004497792240272247,,
258048,101.03,-3.0778170300000003,63,273,943,0.9606517367064953,0.02980113,0.2,-0.044472883902926696,-0.07743348926305771,-2.85289853438735,0.309814453125,620,0.0003,0.0036365955286782993,,
260000,,,,,,0.9606419578194618,0.02830218,0.2,-0.04296067153700278,-0.060199636965990067,-2.907466956228018,0.3014892578125,630,0.0003,0.0032183438415813725,93.6,-2.4219017999999997
262144,101.32,-3.0668325199999997,64,277,943,,,,,,,,,,,,
266240,101.84,-3.09134661,65,281,945,0.9597014151513577,0.027212003,0.2,-0.03964254425554827,-0.041815031319856644,-2.8288736790418625,0.2814453125,640,0.0003,0.003180616569625272,,
270336,101.07,-3.0605622500000003,66,285,947,0.952775165438652,0.027649261,0.2,-0.04163661457641865,-0.07665836811065674,-2.7899076148867605,0.297607421875,650,0.0003,0.003818722906271432,,
274432,101.52,-3.06407914,67,289,948,0.9553289711475372,0.025679525,0.2,-0.042765596521348925,-0.08242145925760269,-2.852797966450453,0.2927001953125,660,0.0003,0.0035125231032907323,,
278528,100.7,-3.0413396200000005,68,293,949,0.9491083174943924,0.026493821,0.2,-0.04278335508570308,-0.060492027550935745,-2.7873311888426544,0.271630859375,670,0.0003,0.004175833308272559,,
280000,,,,,,0.9437931329011917,0.027967196,0.2,-0.042876514642193796,-0.08242301642894745,-2.7401577200740577,0.2859130859375,680,0.0003,0.0036317725142453127,95.0,-2.4356511999999997
282624,100.03,-2.90815497,69,297,949,,,,,,,,,,,,
286720,100.88,-2.9440251599999994,70,301,950,0.9481736272573471,0.029403709,0.2,-0.042005967886507276,-0.06769956648349762,-2.7740600135177376,0.288134765625,690,0.0003,0.003186906699284009,,
290816,102.32,-2.96516929,71,305,951,0.9508417658507824,0.028761964,0.2,-0.04269950298476033,-0.06441933661699295,-2.7963265873491765,0.2895263671875,700,0.0003,0.00372159572370947,,
294912,101.79,-2.9535466800000005,72,309,952,0.9415530823171139,0.026834887,0.2,-0.03805024801040417,-0.06815305352210999,-2.787249202653766,0.285302734375,710,0.0003,0.005127706903294893,,
299008,101.33,-2.91999923,73,313,953,0.961444016546011,0.027978696,0.2,-0.04233646147586114,-0.06274810433387756,-2.7863389808684587,0.295751953125,720,0.0003,0.003014837304544926,,
300000,,,,,,0.9441817216575146,0.026523225,0.2,-0.03920155456289649,-0.06046776473522186,-2.7315738633275033,0.2866943359375,730,0.0003,0.004397649057591479,96.0,-1.8822465999999998
303104,101.83,-2.9634547599999994,74,317,953,,,,,,,,,,,,
307200,102.03,-2.93123171,75,321,955,0.9583580009639263,0.026333742,0.2,-0.04454738895510672,-0.06546556949615479,-2.739562927186489,0.292138671875,740,0.0003,0.004083933453694044,,
311296,102.33,-2.9212758400000003,76,325,956,0.9425084628164768,0.027910024,0.2,-0.03875695823735441,-0.07986757159233093,-2.7537409130483868,0.3043701171875,750,0.0003,0.004648926457230118,,
315392,102.12,-2.8594764699999997,77,329,958,0.9521242678165436,0.02544216,0.2,-0.040555307981048824,-0.07839661836624146,-2.7240503426641225,0.27568359375,760,0.0003,0.0037762453349387214,,
319488,101.69,-2.88891602,78,333,959,0.9297397658228874,0.025430564,0.2,-0.03588388096832205,-0.06933896988630295,-2.684221909195185,0.285595703125,770,0.0003,0.004920666670295759,,
320000,,,,,,0.9295988902449608,0.028041117,0.2,-0.041713180358783575,-0.05588658154010773,-2.6701851435005666,0.3027099609375,780,0.0003,0.004435962130355619,96.0,-2.4907177999999996
323584,101.72,-2.87066445,79,337,957,,,,,,,,,,,,
327680,100.96,-2.776233060000001,80,342,957,0.9491206482052803,0.027372018,0.2,-0.038062531501054764,-0.05761628597974777,-2.6760750066488983,0.2910888671875,790,0.0003,0.0037476477540622,,
331776,101.47,-2.73550141,81,346,957,0.9413232952356339,0.03191738,0.2,-0.04232859738549451,-0.033894434571266174,-2.6657022245228292,0.326708984375,800,0.0003,0.0039324811994447375,,
335872,101.57,-2.7109786600000003,82,350,958,0.9546214118599892,0.029068364,0.2,-0.04152827688158141,-0.04550238698720932,-2.6358497869223356,0.3141357421875,810,0.0003,0.0034566386812002747,,
339968,100.61,-2.7578635700000005,83,354,958,0.9199495166540146,0.026243825,0.2,-0.03754603158522514,-0.03439769893884659,-2.6260547060519457,0.29208984375,820,0.0003,0.005041654686101538,,
340000,,,,,,0.9497558064758778,0.025816247,0.2,-0.03694821180106374,-0.05649556592106819,-2.6220602702349423,0.2705078125,830,0.0003,0.0035676971649991175,85.8,-1.9613434
344064,101.2,-2.8064833200000003,84,359,958,,,,,,,,,,,,
348160,101.6,-2.7621722500000003,85,363,957,0.955945298075676,0.028590119,0.2,-0.03933421832407476,-0.05508849397301674,-2.5961103588342667,0.297412109375,840,0.0003,0.003030324957580888,,
352256,101.39,-2.70491834,86,367,958,0.9582668021321297,0.026475567,0.2,-0.036674643465448756,-0.06765690445899963,-2.609462873265147,0.283056640625,850,0.0003,0.0031376261441437236,,
356352,100.94,-2.6473915400000005,87,371,958,0.9519409462809563,0.027567476,0.2,-0.037245028755569363,-0.04337766394019127,-2.6277574602514506,0.2913818359375,860,0.0003,0.0038595620397245513,,
360000,,,,,,0.95534373447299,0.02772727,0.2,-0.036873424776058525,-0.07281042635440826,-2.5060081887990235,0.2872314453125,870,0.0003,0.0032933212874013407,90.8,-1.8180488000000001
360448,100.98,-2.64522669,88,376,957,,,,,,,,,,,,
364544,101.36,-2.7004908499999996,89,380,957,0.9516606628894806,0.028289702,0.2,-0.0363940799885313,-0.0592811182141304,-2.5519568100571632,0.2953125,880,0.0003,0.003700446823404491,,
368640,101.47,-2.6801429700000003,90,384,958,0.9537195414304733,0.028538244,0.2,-0.03521413548733108,-0.06461909413337708,-2.523931260034442,0.3009521484375,890,0.0003,0.003224188043986942,,
372736,102.4,-2.6641646900000007,91,388,958,0.9556406028568745,0.025266062,0.2,-0.03744624582977849,-0.042736973613500595,-2.53390396758914,0.28173828125,900,0.0003,0.0027944452941483177,,
376832,102.08,-2.6342811800000003,92,392,958,0.9640850387513638,0.030082555,0.2,-0.040007358584261965,-0.06329986453056335,-2.518032763898373,0.2925048828125,910,0.0003,0.0026397181777610967,,
380000,,,,,,0.9534579887986183,0.04986153,0.2,-0.03640303731244785,-0.04845098778605461,-2.4930774781852962,0.3027587890625,920,0.0003,0.0031768805136380253,87.6,-1.8978842
380928,100.08,-2.6516303299999993,93,398,957,,,,,,,,,,,,
385024,100.63,-2.65988329,94,402,956,0.9349164590239525,0.030889396,0.2,-0.04046044490678469,-0.053352344781160355,-2.5003918439149855,0.3056396484375,930,0.0003,0.003864490715386637,,
389120,101.15,-2.6171716800000002,95,406,957,0.9460149854421616,0.02662221,0.2,-0.03567848447528377,-0.05275161191821098,-2.481516708061099,0.2921875,940,0.0003,0.004451199475352041,,
393216,101.0,-2.56989531,96,410,958,0.959168329834938,0.028912157,0.2,-0.042110536348627645,-0.05782643333077431,-2.5211806792765854,0.3011962890625,950,0.0003,0.0029144437523427767,,
397312,101.08,-2.5348430900000003,97,414,958,0.9341689944267273,0.035444774,0.2,-0.040256051917094735,-0.06454481184482574,-2.500928984954953,0.2865234375,960,0.0003,0.003951919348310184,,
400000,,,,,,0.9518256522715092,0.02897302,0.2,-0.040177553422108755,-0.06151215732097626,-2.5419319581240414,0.3062744140625,970,0.0003,0.0037047854782940705,98.4,-2.0555006
401408,101.44,-2.6294580900000004,98,419,956,,,,,,,,,,,,
405504,101.61,-2.64785718,99,424,956,0.9595014937222004,0.03105541,0.2,-0.04132811155577656,-0.06906173378229141,-2.4891998641192914,0.3133544921875,980,0.0003,0.0031429666593794535,,
409600,101.79,-2.65082358,100,428,956,0.9510756283998489,0.028614938,0.2,-0.03878288563064416,-0.078000508248806,-2.4734160102903844,0.29814453125,990,0.0003,0.003300859516548371,,
413696,101.54,-2.56595696,101,432,956,0.9362922310829163,0.03018273,0.2,-0.03808247749111615,-0.07105710357427597,-2.440373082086444,0.295556640625,1000,0.0003,0.004127327286278159,,
417792,101.32,-2.60171132,102,436,957,0.961340606212616,0.033633485,0.2,-0.03910255212686024,-0.059294138103723526,-2.4577506106346845,0.316748046875,1010,0.0003,0.0030329777946462855,,
420000,,,,,,0.9508559815585613,0.029232733,0.2,-0.03954325488157338,-0.08381224423646927,-2.433774872869253,0.3102783203125,1020,0.0003,0.002966785621356394,96.4,-1.9388932
421888,101.65,-2.6687103799999994,103,440,956,,,,,,,,,,,,
425984,102.39,-2.66383812,104,444,957,0.9469097889959812,0.033232268,0.2,-0.03953821495379088,-0.05229257792234421,-2.40169681571424,0.3216796875,1030,0.0003,0.004131380098988302,,
430080,101.66,-2.667984910000001,105,448,957,0.9486152194440365,0.030346528,0.2,-0.04059089070069603,-0.08309561759233475,-2.400752644240856,0.309130859375,1040,0.0003,0.0035165099473488228,,
434176,100.69,-2.6864068199999998,106,453,958,0.9570027105510235,0.029528936,0.2,-0.04180607229191082,-0.07218104600906372,-2.4016704402863978,0.31982421875,1050,0.0003,0.003428686338247644,,
438272,101.61,-2.6121596600000005,107,457,958,0.9507695101201534,0.033094063,0.2,-0.03615934492263477,-0.07114136219024658,-2.3384889237582684,0.3134521484375,1060,0.0003,0.003824930512564606,,
440000,,,,,,0.9696241524070501,0.0385886,0.2,-0.03780930883949622,-0.005198735278099775,-2.3576365642249586,0.320556640625,1070,0.0003,0.0028139305464719654,89.0,-1.6543157999999998
442368,101.14,-2.56729824,108,461,958,,,,,,,,,,,,
446464,99.66,-2.55707867,109,466,958,0.932169646024704,0.0330481,0.2,-0.041355800339079,-0.06968417018651962,-2.3724616438150408,0.3056396484375,1080,0.0003,0.0037009617434705434,,
450560,100.71,-2.6509389199999998,110,470,958,0.9523724131286144,0.031164493,0.2,-0.041169641186570516,-0.0779816061258316,-2.3639500577002766,0.309521484375,1090,0.0003,0.003351690745785163,,
454656,99.74,-2.5612035300000002,111,474,957,0.9425037540495396,0.027654113,0.2,-0.042086715238474424,-0.07462243735790253,-2.3801032423973085,0.3045166015625,1100,0.0003,0.0034278503612767963,,
458752,99.5,-2.49656162,112,478,957,0.9386569485068321,0.029020991,0.2,-0.03246695604502747,-0.0631905049085617,-2.3811378203332425,0.3194580078125,1110,0.0003,0.003403913695092342,,
460000,,,,,,0.9509391523897648,0.03130127,0.2,-0.035124670079676436,-0.03486207127571106,-2.334101753309369,0.30224609375,1120,0.0003,0.003438525454021146,93.8,-1.6859237999999999
462848,99.95,-2.5019298,113,483,956,,,,,,,,,,,,
466944,101.28,-2.5171305000000004,114,487,956,0.9626085348427296,0.030956984,0.2,-0.03849187054220238,-0.06898373365402222,-2.3472421266138555,0.31337890625,1130,0.0003,0.003309792693107738,,
471040,101.75,-2.53558547,115,492,956,0.9399610161781311,0.033694312,0.2,-0.03825938097288599,-0.05760379135608673,-2.3438355341553687,0.328955078125,1140,0.0003,0.004026461571811524,,
475136,102.14,-2.5543515300000004,116,496,956,0.9520748555660248,0.030562215,0.2,-0.04029309070756426,-0.07253021001815796,-2.345894256979227,0.30146484375,1150,0.0003,0.00336814258571394,,
479232,102.2,-2.59627544,117,500,957,0.9484173059463501,0.030076351,0.2,-0.04252444200537866,-0.07910043001174927,-2.347215914353728,0.306494140625,1160,0.0003,0.003471998479199101,,
480000,,,,,,0.9532869718968868,0.029173413,0.2,-0.038141339196226906,-0.06622885167598724,-2.335000592470169,0.3076416015625,1170,0.0003,0.0040217229442532695,102.2,-2.330085
483328,102.33,-2.61453937,118,505,955,,,,,,,,,,,,
487424,101.16,-2.58249387,119,509,956,0.956111516803503,0.031720016,0.2,-0.03879246896976838,-0.08158925175666809,-2.261478429660201,0.30556640625,1180,0.0003,0.0038515255402671754,,
491520,100.65,-2.49806782,120,514,956,0.9571272321045399,0.032703914,0.2,-0.03807025883870665,-0.025139128789305687,-2.2604771722108126,0.304833984375,1190,0.0003,0.002825522252533119,,
495616,100.22,-2.45152529,121,518,955,0.9606303423643112,0.028047798,0.2,-0.0352214239688692,-0.04595554992556572,-2.195386614277959,0.2962158203125,1200,0.0003,0.0033509329095068098,,
499712,99.24,-2.4127883300000006,122,523,955,0.9493303075432777,0.03000185,0.2,-0.03743166842541541,-0.04996064677834511,-2.2191400844603777,0.285888671875,1210,0.0003,0.004244598610785033,,
500000,,,,,,0.9409340359270573,0.034466542,0.2,-0.03455565594995278,-0.017592817544937134,-2.2011847661808135,0.3127685546875,1220,0.0003,0.005180210201160662,85.8,-1.2820484
503808,99.72,-2.4276923900000003,123,527,954,,,,,,,,,,,,
507904,100.22,-2.4178835499999995,124,532,954,0.9437424056231976,0.030410597,0.2,-0.035784271801821886,-0.07001614570617676,-2.1380600055679677,0.3103515625,1230,0.0003,0.0044095128749177094,,
512000,101.55,-2.4948728499999997,125,535,955,0.9628939107060432,0.02981083,0.2,-0.03242013527196832,-0.019622592255473137,-2.053961207717657,0.2901611328125,1240,0.0003,0.0033730838493283956,,
516096,100.8,-2.41953283,126,539,955,0.9435617439448833,0.032596722,0.2,-0.034604731678700776,-0.05840576812624931,-2.057568576745689,0.2973388671875,1250,0.0003,0.004219994548930117,,
520000,,,,,,0.9258196651935577,0.02934599,0.2,-0.028593710539644233,-0.0492139607667923,-2.0883420534431933,0.2841552734375,1260,0.0003,0.004348009762907168,98.2,-2.0658998
520192,101.47,-2.43630753,127,544,955,,,,,,,,,,,,
524288,101.47,-2.37773041,128,548,955,0.960287481546402,0.032229125,0.2,-0.03676845749942004,-0.055645763874053955,-2.0999024966731668,0.30859375,1270,0.0003,0.0032196904400734637,,
528384,101.95,-2.39986018,129,552,955,0.9479800909757614,0.028253503,0.2,-0.03331023042810557,-0.015220152214169502,-2.091534969210625,0.281396484375,1280,0.0003,0.002891997776077915,,
532480,102.15,-2.37932064,130,556,956,0.9549984708428383,0.030962056,0.2,-0.03336438867881952,-0.06975529342889786,-1.999391738511622,0.297314453125,1290,0.0003,0.0025683308785119153,,
536576,101.88,-2.36294192,131,560,957,0.9439306259155273,0.028509365,0.2,-0.02972095575023559,-0.043660033494234085,-1.996404942125082,0.28798828125,1300,0.0003,0.0035275510937935904,,
540000,,,,,,0.9471149183809757,0.026145808,0.2,-0.029034571631564178,-0.05986073240637779,-1.9765169525519013,0.2705078125,1310,0.0003,0.004186196127466246,90.6,-1.8858182
540672,101.22,-2.3515299599999997,132,564,957,,,,,,,,,,,,
544768,101.99,-2.36346253,133,568,958,0.9546401612460613,0.028647698,0.2,-0.031928798377339265,-0.025526855140924454,-1.949301989749074,0.2842529296875,1320,0.0003,0.0035333329019522353,,
548864,101.92,-2.40511637,134,572,959,0.9657625965774059,0.029321687,0.2,-0.03223196332255611,-0.07275432348251343,-2.0159295696765183,0.288720703125,1330,0.0003,0.0027796923162895838,,
552960,101.1,-2.3809701600000004,135,576,959,0.9479449428617954,0.029863155,0.2,-0.032801635597570565,-0.0603056363761425,-1.935255022533238,0.2986572265625,1340,0.0003,0.00374381122937848,,
557056,101.23,-2.3337448,136,579,960,0.9586209878325462,0.025522668,0.2,-0.02886552029522136,-0.03754382207989693,-1.9688247894868254,0.27958984375,1350,0.0003,0.002861488430153258,,
560000,,,,,,0.9357142150402069,0.028264401,0.2,-0.027258556035667424,-0.03409906476736069,-1.9377512047067285,0.2915283203125,1360,0.0003,0.004186441603724234,93.6,-1.6786158
561152,100.83,-2.34847987,137,583,960,,,,,,,,,,,,
565248,101.05,-2.38985433,138,587,961,0.9463555254042149,0.029746994,0.2,-0.031029614697763462,-0.051905322819948196,-1.9027422392740845,0.2875244140625,1370,0.0003,0.003611322493179614,,
569344,100.96,-2.35854697,139,591,962,0.941954217851162,0.029663842,0.2,-0.03258541585964849,-0.08559957146644592,-1.8962473306804895,0.3017578125,1380,0.0003,0.004199742642231286,,
573440,101.36,-2.33629234,140,595,963,0.96348437666893,0.034302227,0.2,-0.029219982227368747,-0.07360533624887466,-1.8400253038853407,0.3068603515625,1390,0.0003,0.002655663530458696,,
577536,100.97,-2.3104403,141,599,963,0.9586009420454502,0.031533293,0.2,-0.03262946520590049,-0.04581132531166077,-1.855299242772162,0.294384765625,1400,0.0003,0.003447027208039799,,
580000,,,,,,0.9589187204837799,0.028045926,0.2,-0.03042024613896501,-0.048571884632110596,-1.9251618076115846,0.281201171875,1410,0.0003,0.0032352242154956913,97.0,-1.6413532
581632,101.14,-2.31397549,142,604,962,,,,,,,,,,,,
585728,101.36,-2.3000055600000002,143,608,962,0.9575945809483528,0.030026551,0.2,-0.03196873575434438,-0.06657273322343826,-1.8472158940508963,0.294873046875,1420,0.0003,0.0032652624968250166,,
589824,100.78,-2.2196181399999997,144,612,963,0.9413970969617367,0.027798226,0.2,-0.03173468362292624,-0.07115527987480164,-1.8485158629715444,0.2847900390625,1430,0.0003,0.003064808543877007,,
593920,102.26,-2.24421239,145,616,964,0.9440767168998718,0.030200332,0.2,-0.030094729566189925,-0.06699714809656143,-1.8532243724912405,0.29228515625,1440,0.0003,0.0034336305780925612,,
598016,101.98,-2.2518587899999996,146,619,964,0.9580123126506805,0.03842057,0.2,-0.03312146626703907,-0.05439453944563866,-1.8913813641294837,0.3140625,1450,0.0003,0.00306152812381697,,
600000,,,,,,0.9599509015679359,0.028680015,0.2,-0.03056062928699248,-0.059563130140304565,-1.9114500779658556,0.29892578125,1460,0.0003,0.0030555321338397333,89.0,-1.5209376000000001
602112,102.14,-2.30793875,147,624,964,,,,,,,,,,,,
606208,101.83,-2.3427278,148,628,964,0.9654700793325901,0.033338994,0.2,-0.03220368269976461,-0.05378017574548721,-1.8368950059637428,0.307275390625,1470,0.0003,0.0027000208090612434,,
610304,101.32,-2.3605590700000003,149,632,964,0.9590239897370338,0.034631398,0.2,-0.03186846904536651,-0.022370262071490288,-1.8069840313866734,0.30869140625,1480,0.0003,0.00265147551881455,,
614400,99.85,-2.26029855,150,636,964,0.9584702178835869,0.031649947,0.2,-0.028052055474108783,-0.06685028225183487,-1.8327127223834396,0.309912109375,1490,0.0003,0.003253991233850684,,
618496,101.28,-2.30550459,151,640,965,0.9389745406806469,0.032722156,0.2,-0.027781934128142893,-0.04715064913034439,-1.8082360036671161,0.294091796875,1500,0.0003,0.0038489927440423346,,
620000,,,,,,0.9624951370060444,0.02817624,0.2,-0.02828149376255169,-0.03380787372589111,-1.8036943431943655,0.290185546875,1510,0.0003,0.0035564799278290592,98.0,-1.9192741999999998
622592,100.66,-2.30509484,152,645,965,,,,,,,,,,,,
626688,101.71,-2.3596373699999997,153,649,965,0.9477279670536518,0.030399282,0.2,-0.03292358671242255,-0.044179849326610565,-1.8707419123500586,0.3018798828125,1520,0.0003,0.0032284056340358804,,
630784,102.08,-2.35403974,154,653,964,0.9616484865546227,0.03315188,0.2,-0.028391941731388214,-0.07710617780685425,-1.832788035646081,0.3177001953125,1530,0.0003,0.0027560204342989892,,
634880,102.18,-2.35416543,155,657,964,0.9477095194160938,0.031935602,0.2,-0.028322761222079863,-0.040923669934272766,-1.845942647010088,0.2883544921875,1540,0.0003,0.0038396735922106018,,
638976,102.3,-2.3250305,156,662,964,0.9533678293228149,0.0309504,0.2,-0.03177146502493997,-0.06843619048595428,-1.7952941289171576,0.285400390625,1550,0.0003,0.00278636214125072,,
640000,,,,,,0.9602032378315926,0.031063324,0.2,-0.030260398610698756,-0.051814571022987366,-1.7750468332320453,0.277587890625,1560,0.0003,0.003322621280858584,101.6,-1.7548112000000002
643072,101.89,-2.28470298,157,667,964,,,,,,,,,,,,
647168,100.57,-2.24238439,158,671,964,0.9494331032037735,0.029017812,0.2,-0.028882557321776404,-0.05275089293718338,-1.7740474263206125,0.284033203125,1570,0.0003,0.0037546726070104342,,
651264,99.97,-2.2891711,159,675,964,0.9565143473446369,0.027464695,0.2,-0.026931322333985007,-0.043442629277706146,-1.7450410073623062,0.28515625,1580,0.0003,0.0034888430554929073,,
655360,99.95,-2.2802762999999997,160,679,965,0.9503278471529484,0.033224482,0.2,-0.030801610908747536,-0.05418635904788971,-1.7052705381065607,0.29609375,1590,0.0003,0.0034406390484036818,,
659456,100.16,-2.25430142,161,683,965,0.9498483538627625,0.0260759,0.2,-0.027973155707149998,-0.07031593471765518,-1.7216685052961112,0.2568115234375,1600,0.0003,0.0034429225735038925,,
660000,,,,,,0.951305478811264,0.029155938,0.2,-0.031489875649276654,-0.04513531178236008,-1.7204108640551568,0.288720703125,1610,0.0003,0.003165057336809696,98.0,-1.9260741999999997
663552,100.83,-2.28478311,162,687,964,,,,,,,,,,,,
667648,100.84,-2.3224720300000006,163,691,965,0.9526489712297916,0.03701082,0.2,-0.032993382856511745,-0.007911419495940208,-1.7985037203878165,0.3148193359375,1620,0.0003,0.0032595889747426554,,
671744,101.21,-2.35720384,164,695,965,0.9567165412008762,0.031000521,0.2,-0.03280680016905535,-0.05816880613565445,-1.8539438042789698,0.29658203125,1630,0.0003,0.002939312838952901,,
675840,101.83,-2.3912929700000003,165,699,965,0.9561858251690865,0.030351803,0.2,-0.032916052423024665,-0.04948429390788078,-1.865566691942513,0.3007568359375,1640,0.0003,0.003254085584831046,,
679936,101.76,-2.3919775700000003,166,704,965,0.959272850304842,0.034145705,0.2,-0.029400887467636493,-0.05858512595295906,-1.8597467377781869,0.2880859375,1650,0.0003,0.003129524042378762,,
680000,,,,,,0.9510834291577339,0.032250002,0.2,-0.03058892332337564,-0.04512179270386696,-1.8231862904503942,0.302197265625,1660,0.0003,0.0035163728238330806,96.2,-1.6552232
684032,101.95,-2.3727720000000003,167,708,965,,,,,,,,,,,,
688128,102.3,-2.4121075299999997,168,712,965,0.958335243165493,0.02792279,0.2,-0.032179131188604514,-0.04724615439772606,-1.8017302071675658,0.283349609375,1670,0.0003,0.003185399234007491,,
692224,101.08,-2.32664911,169,716,965,0.9516601786017418,0.03487291,0.2,-0.03414414558828867,-0.05456104874610901,-1.7769477762281896,0.322412109375,1680,0.0003,0.0037658792374713813,,
696320,99.2,-2.26957962,170,720,966,0.94632563367486,0.031803485,0.2,-0.032711581134935844,-0.05925773084163666,-1.714279254153371,0.2847900390625,1690,0.0003,0.004278027953478159,,
700000,,,,,,0.9541461206972599,0.033436134,0.2,-0.03750880570078152,-0.026614412665367126,-1.72451728656888,0.3122314453125,1700,0.0003,0.004185491687348985,87.0,-1.4497216
700416,100.03,-2.34020882,171,725,965,,,,,,,,,,,,
704512,101.18,-2.3727917,172,729,965,0.9605084881186485,0.033643834,0.2,-0.030795824446249752,-0.04215489327907562,-1.7049278819933533,0.2964599609375,1710,0.0003,0.004056605719051731,,
708608,100.72,-2.39980597,173,734,965,0.9434529133141041,0.030927557,0.2,-0.03158428934184485,-0.06039418652653694,-1.7508521830663084,0.2907470703125,1720,0.0003,0.004784810273304174,,
712704,101.4,-2.3871775299999998,174,737,965,0.9457130171358585,0.030773152,0.2,-0.0348567198649107,-0.03475586324930191,-1.712796307168901,0.2923095703125,1730,0.0003,0.004540261613692564,,
716800,102.07,-2.37003651,175,741,966,0.9465363807976246,0.033693846,0.2,-0.03027376431346056,-0.04791559651494026,-1.6921075094491242,0.3069091796875,1740,0.0003,0.0036427065047973882,,
720000,,,,,,0.9525775164365768,0.033054184,0.2,-0.033905638966098196,-0.06362950056791306,-1.7123468894511462,0.2946533203125,1750,0.0003,0.004209745432854106,87.8,-2.0083754
720896,102.53,-2.3759971699999998,176,745,966,,,,,,,,,,,,
724992,101.28,-2.3759599,177,749,966,0.9519912227988243,0.035674732,0.2,-0.03423584189586108,-0.07158446311950684,-1.678939912468195,0.31416015625,1760,0.0003,0.004591753779641295,,
729088,101.78,-2.38376124,178,753,967,0.9591667577624321,0.033436604,0.2,-0.02876006096266792,-0.06531288474798203,-1.679882056452334,0.3101806640625,1770,0.0003,0.0035784442579824827,,
733184,101.8,-2.40684459,179,757,967,0.9662443287670612,0.03578361,0.2,-0.03350066455604974,-0.06823171675205231,-1.7029690425843,0.3101318359375,1780,0.0003,0.002976793241668929,,
737280,101.35,-2.4088792100000003,180,762,967,0.9528288953006268,0.031409226,0.2,-0.03089914111260441,-0.07918453216552734,-1.6166322195902467,0.299658203125,1790,0.0003,0.0034754796010020073,,
740000,,,,,,0.937639944255352,0.03178265,0.2,-0.030069634351093555,-0.016645777970552444,-1.627407523803413,0.295849609375,1800,0.0003,0.004213713452918455,94.4,-2.0561048
741376,101.4,-2.3828842,181,766,967,,,,,,,,,,,,
745472,100.19,-2.2998199500000003,182,770,967,0.9388414397835732,0.032409947,0.2,-0.03001156417740276,-0.042995065450668335,-1.6413096288219093,0.291796875,1810,0.0003,0.0045344332476815906,,
749568,101.63,-2.31097254,183,774,968,0.9548086225986481,0.029566154,0.2,-0.02783530723754666,-0.03939088061451912,-1.5964606303721667,0.2795654296875,1820,0.0003,0.0035934515384724365,,
753664,101.17,-2.28980047,184,778,968,0.9478543922305107,0.03087811,0.2,-0.0295624735270394,-0.052560094743967056,-1.6003907699137927,0.2887451171875,1830,0.0003,0.004604759552967153,,
757760,102.11,-2.3299641799999997,185,782,968,0.9462105333805084,0.034244157,0.2,-0.03214732903652475,-0.03932197764515877,-1.6042735448107124,0.2976806640625,1840,0.0003,0.0036571885173543707,,
760000,,,,,,0.9499310180544853,0.032453764,0.2,-0.03183225780085195,-0.06340441852807999,-1.644901206344366,0.2925537109375,1850,0.0003,0.0035885875671738177,89.8,-1.4692296
761856,101.86,-2.33484586,186,787,967,,,,,,,,,,,,
765952,101.79,-2.31511033,187,791,967,0.9562116228044033,0.030237533,0.2,-0.0265218998229102,-0.046845510601997375,-1.6107409374788404,0.2816650390625,1860,0.0003,0.0036860172853266705,,
770048,100.73,-2.2492973099999998,188,795,968,0.9488464258611202,0.031030683,0.2,-0.031147547057116753,-0.048111286014318466,-1.5826312493532897,0.28916015625,1870,0.0003,0.003888030505277129,,
774144,100.97,-2.22010062,189,799,968,0.9375498704612255,0.03383052,0.2,-0.031526561949794994,-0.036887239664793015,-1.5672046372666955,0.284521484375,1880,0.0003,0.004342373252620746,,
778240,101.08,-2.22047425,190,802,969,0.957142349332571,0.030744191,0.2,-0.03391659893277392,-0.048183344304561615,-1.6211552070453763,0.2985595703125,1890,0.0003,0.003717197109472181,,
780000,,,,,,0.939842727035284,0.029768892,0.2,-0.026289075097156455,-0.06798907369375229,-1.6439322944730521,0.2703125,1900,0.0003,0.00443613998577348,89.4,-1.7482542000000003
782336,101.24,-2.26409019,191,807,969,,,,,,,,,,,,
786432,101.36,-2.2625547399999997,192,811,968,0.9521975815296173,0.034098804,0.2,-0.03161071191570954,-0.0685611292719841,-1.62331880684942,0.28203125,1910,0.0003,0.0038496070485052767,,
790528,101.09,-2.28291189,193,816,968,0.9350260496139526,0.033129472,0.2,-0.03368704854292446,-0.04432683810591698,-1.5998159943148493,0.301220703125,1920,0.0003,0.004778439704568882,,
794624,101.64,-2.26533106,194,820,968,0.9478724785149097,0.032667927,0.2,-0.03505145269591594,-0.060697637498378754,-1.5979698769748212,0.29609375,1930,0.0003,0.004032214168000791,,
798720,101.67,-2.27614594,195,824,968,0.9598177522420883,0.03494913,0.2,-0.034643080851674314,-0.0704062432050705,-1.5766974614933134,0.27587890625,1940,0.0003,0.003232600202591129,,
800000,,,,,,0.9555493928492069,0.029528365,0.2,-0.031086717772996052,-0.08758169412612915,-1.5430557316169142,0.2849853515625,1950,0.0003,0.003698730004089157,92.8,-1.5957013999999998
802816,101.74,-2.28503477,196,828,968,,,,,,,,,,,,
806912,101.81,-2.3144639500000004,197,832,969,0.967285793274641,0.03510625,0.2,-0.03637709048198303,-0.023027198389172554,-1.553830891661346,0.30263671875,1960,0.0003,0.002996352572426986,,
811008,102.29,-2.2972415199999996,198,836,969,0.9624652564525604,0.034401916,0.2,-0.03264464372114162,-0.06892276555299759,-1.5422829370945692,0.299755859375,1970,0.0003,0.0031727831787975447,,
815104,102.27,-2.22668154,199,840,969,0.9551575146615505,0.032571375,0.2,-0.0321301012969343,-0.045784495770931244,-1.501787916943431,0.283740234375,1980,0.0003,0.004037779112422868,,
819200,101.68,-2.24520579,200,844,969,0.9406246021389961,0.038249284,0.2,-0.026213589865801624,-0.05808825045824051,-1.508812072314322,0.2894287109375,1990,0.0003,0.00425496898151323,,
820000,,,,,,0.9419528320431709,0.03148303,0.2,-0.02971475679478317,-0.031026743352413177,-1.4942501397803425,0.2877197265625,2000,0.0003,0.0041969297079049285,100.0,-1.8219445999999997
823296,101.88,-2.25619317,201,849,969,,,,,,,,,,,,
827392,102.52,-2.28456393,202,853,969,0.9553604535758495,0.035578236,0.2,-0.026602174679283053,-0.056194160133600235,-1.5198111914098262,0.2876220703125,2010,0.0003,0.003966383079387015,,
831488,102.89,-2.39798964,203,857,969,0.9574408009648323,0.031276293,0.2,-0.02941841148713138,-0.07619909197092056,-1.5056629629805685,0.2701904296875,2020,0.0003,0.003853703446111467,,
835584,102.03,-2.35951061,204,861,970,0.9534551352262497,0.032701336,0.2,-0.03364763280915213,-0.04824994504451752,-1.5162500888109207,0.289599609375,2030,0.0003,0.004073338361740753,,
839680,100.79,-2.3233291000000005,205,865,970,0.9411622807383537,0.03172748,0.2,-0.02734957553257118,-0.04796440899372101,-1.427680829539895,0.2858154296875,2040,0.0003,0.004221588994914783,,
840000,,,,,,0.9457457140088081,0.038344257,0.2,-0.031785394880716925,-0.066464863717556,-1.4973603941500186,0.3081787109375,2050,0.0003,0.004030488128501019,91.6,-1.5154694000000002
843776,100.63,-2.28393552,206,869,970,,,,,,,,,,,,
847872,101.52,-2.3060186799999998,207,873,970,0.9569333605468273,0.03149551,0.2,-0.03077272268164961,-0.05589301139116287,-1.4764929300174117,0.2773681640625,2060,0.0003,0.0033401950446204864,,
851968,101.77,-2.2796066600000002,208,877,970,0.938966441899538,0.0294016,0.2,-0.02757013447699137,-0.01701776124536991,-1.5223648408427835,0.2774658203125,2070,0.0003,0.0045235903387947475,,
856064,101.16,-2.29935095,209,881,971,0.957659438252449,0.030903136,0.2,-0.02832478454220109,-0.04343903437256813,-1.4943434217944742,0.2782958984375,2080,0.0003,0.0028929795757903776,,
860000,,,,,,0.9502037279307842,0.03160267,0.2,-0.030719533484079874,-0.03973589092493057,-1.496866942755878,0.2767333984375,2090,0.0003,0.004301357417625695,98.2,-2.0206121999999995
860160,100.35,-2.23664286,210,886,970,,,,,,,,,,,,
864256,99.81,-2.1622310000000002,211,890,970,0.9509959034621716,0.0323296,0.2,-0.02881546484568389,-0.038322921842336655,-1.5046737100929022,0.271484375,2100,0.0003,0.004462086304920376,,
868352,100.4,-2.17008445,212,894,971,0.9438279308378696,0.029882366,0.2,-0.023415252132690512,-0.04474802315235138,-1.4624625977128745,0.2663330078125,2110,0.0003,0.004197379315064609,,
872448,101.5,-2.21145325,213,898,971,0.9517673812806606,0.033540405,0.2,-0.028753343100106576,-0.0677342563867569,-1.5256286647170783,0.28857421875,2120,0.0003,0.0036002362128783718,,
876544,101.79,-2.24559499,214,901,971,0.9461150653660297,0.028163921,0.2,-0.025630253524286672,-0.06729404628276825,-1.500940991193056,0.2627197265625,2130,0.0003,0.0037042143802864303,,
880000,,,,,,0.9540240280330181,0.034247145,0.2,-0.026877884011992138,-0.04527487978339195,-1.4506004573777318,0.28828125,2140,0.0003,0.0037404147848064894,93.4,-1.9608896000000002
880640,100.99,-2.21229003,215,906,971,,,,,,,,,,,,
884736,101.34,-2.24832366,216,910,972,0.9354240372776985,0.02964366,0.2,-0.029193262317130576,-0.05269224941730499,-1.4850119108334183,0.2698486328125,2150,0.0003,0.005018328711412323,,
888832,100.71,-2.23459789,217,914,972,0.9389398694038391,0.035626,0.2,-0.03108604268854833,-0.04661976173520088,-1.5156517680734396,0.2783203125,2160,0.0003,0.004735799070840585,,
892928,101.24,-2.21715317,218,918,972,0.9371466934680939,0.032272942,0.2,-0.030965662983726362,-0.059385012835264206,-1.421899520047009,0.27177734375,2170,0.0003,0.0041846829894893744,,
897024,101.24,-2.24082106,219,922,972,0.9354191645979881,0.029093543,0.2,-0.025271870208598557,-0.05011463537812233,-1.458085150271654,0.2625732421875,2180,0.0003,0.003985948411173013,,
900000,,,,,,0.9414506927132607,0.03583222,0.2,-0.030352248456983942,-0.053024791181087494,-1.423792944662273,0.2815673828125,2190,0.0003,0.004148827714288927,90.0,-1.5914274000000002
901120,101.7,-2.2324377699999998,220,926,972,,,,,,,,,,,,
905216,102.35,-2.24324528,221,930,972,0.951678141951561,0.031127349,0.2,-0.0290434785260004,-0.05444631725549698,-1.3965220415964723,0.2622314453125,2200,0.0003,0.0030855362459078607,,
909312,101.99,-2.2643244399999998,222,934,973,0.953461479395628,0.031949364,0.2,-0.026261476326180856,-0.04051242023706436,-1.3985990466549993,0.270458984375,2210,0.0003,0.003333575674514577,,
913408,99.99,-2.2080560199999995,223,938,973,0.9323636814951897,0.03227184,0.2,-0.028834522162287612,-0.0479234904050827,-1.4413450989872216,0.2612548828125,2220,0.0003,0.004286568085080944,,
917504,100.35,-2.1844853499999997,224,942,973,0.946524303406477,0.05115258,0.2,-0.028638032088201724,-0.0426783449947834,-1.3948207890614868,0.2947265625,2230,0.0003,0.0038390215988329144,,
920000,,,,,,0.9413912035524845,0.03571505,0.2,-0.030395784778738742,-0.04158572107553482,-1.4400415014475585,0.2903076171875,2240,0.0003,0.004166501791769406,83.2,-1.1574313999999999
921600,100.19,-2.1648417799999997,225,946,973,,,,,,,,,,,,
925696,100.58,-2.19064472,226,950,974,0.9503650888800621,0.03479361,0.2,-0.027157378779884313,-0.0682743564248085,-1.3642964394763113,0.2839111328125,2250,0.0003,0.003951229725680605,,
929792,100.58,-2.1962027400000004,227,954,974,0.9637873582541943,0.032031044,0.2,-0.03166634034496383,-0.08033239841461182,-1.4174582855775952,0.2765380859375,2260,0.0003,0.0033670420426460622,,
933888,100.07,-2.1985599899999997,228,958,974,0.9416070654988289,0.03199767,0.2,-0.025172076269518583,-0.07025787234306335,-1.3536567986011505,0.2583251953125,2270,0.0003,0.004764469700603513,,
937984,100.15,-2.1997372600000005,229,962,974,0.9627811089158058,0.031003146,0.2,-0.030989683238294673,-0.027222760021686554,-1.354212255217135,0.2681884765625,2280,0.0003,0.0033886197408719452,,
940000,,,,,,0.9508052170276642,0.030602138,0.2,-0.02670962839802087,-0.054001811891794205,-1.399158881790936,0.269873046875,2290,0.0003,0.003945684925565729,96.8,-1.7680296000000002
942080,100.98,-2.2197398200000005,230,966,974,,,,,,,,,,,,
946176,101.03,-2.2118511499999998,231,971,974,0.9595707021653652,0.035626084,0.2,-0.025980410513147943,-0.0363791324198246,-1.4062177082523704,0.3018798828125,2300,0.0003,0.003498866522568278,,
950272,101.55,-2.28233195,232,975,974,0.9604714140295982,0.03609688,0.2,-0.03332538022150402,-0.05919927358627319,-1.3982172783464193,0.2809814453125,2310,0.0003,0.0033576382668798034,,
954368,100.88,-2.21474328,233,979,974,0.9520045816898346,0.03422144,0.2,-0.029810786723101047,-0.052422896027565,-1.3981538835912943,0.2865234375,2320,0.0003,0.003956507732891623,,
958464,100.0,-2.1490869599999995,234,983,975,0.9384862817823887,0.0276216,0.2,-0.02488560959463939,-0.0298406220972538,-1.4075696496292949,0.25361328125,2330,0.0003,0.004607460896477278,,
960000,,,,,,0.9592766501009464,0.032507308,0.2,-0.03127713210997172,-0.019030770286917686,-1.3982308847829699,0.269970703125,2340,0.0003,0.003631443603990192,91.0,-1.3496316
962560,99.26,-2.15486301,235,987,974,,,,,,,,,,,,
966656,100.18,-2.1857328600000003,236,991,975,0.9523109383881092,0.036642402,0.2,-0.02761955775167735,-0.017238494008779526,-1.4083444967865943,0.283349609375,2350,0.0003,0.0031836081121582537,,
970752,100.02,-2.1433162799999996,237,995,975,0.9593912810087204,0.032242455,0.2,-0.03038035951612983,-0.04330484941601753,-1.353002991527319,0.2694091796875,2360,0.0003,0.003294636886221269,,
974848,100.1,-2.12853327,238,999,975,0.9625686667859554,0.03148251,0.2,-0.028997826218255796,-0.053724128752946854,-1.3784252835437656,0.26123046875,2370,0.0003,0.0031515115620095457,,
978944,101.42,-2.1648397000000004,239,1002,976,0.9571823365986347,0.031044234,0.2,-0.02740432656064513,-0.033826760947704315,-1.376042803376913,0.2622802734375,2380,0.0003,0.003986346529563889,,
980000,,,,,,0.9537901356816292,0.029214494,0.2,-0.0252088909073791,-0.06060709431767464,-1.4349087882786988,0.2610595703125,2390,0.0003,0.004707031171892595,96.2,-1.5478165999999998
983040,100.74,-2.18791221,240,1007,975,,,,,,,,,,,,
987136,100.66,-2.18992478,241,1011,976,0.9652542769908905,0.03141315,0.2,-0.027423551320680417,-0.06004035845398903,-1.4316256565973162,0.2855224609375,2400,0.0003,0.0036761927438419663,,
991232,99.95,-2.2003238300000003,242,1014,976,0.9508122131228447,0.031168165,0.2,-0.027378517818215188,-0.059632543474435806,-1.4397894710302352,0.2735595703125,2410,0.0003,0.004119339116186893,,
995328,101.07,-2.22193414,243,1018,976,0.9658489562571049,0.03161423,0.2,-0.032048503943224206,-0.060441114008426666,-1.4237896190956234,0.2761962890625,2420,0.0003,0.0035046523559685737,,
999424,101.26,-2.2315781400000003,244,1022,977,0.9613976627588272,0.03084727,0.2,-0.02798012647035648,-0.029470333829522133,-1.418510254099965,0.275390625,2430,0.0003,0.0038168540588230824,,
1000000,,,,,,0.9549743421375751,0.030926462,0.2,-0.026160828154024783,-0.051120392978191376,-1.4297387283295393,0.2789794921875,2440,0.0003,0.003996846335576265,85.2,-1.006346
1003520,100.69,-2.22341768,245,1027,976,,,,,,,,,,,,
