time/iterations,time/time_elapsed,time/total_timesteps,rollout/ep_rew_mean,time/fps,rollout/ep_len_mean,train/loss,train/approx_kl,train/explained_variance,train/policy_gradient_loss,train/clip_fraction,train/n_updates,train/value_loss,train/clip_range,train/learning_rate,train/entropy_loss,eval/mean_reward,eval/mean_ep_length
1,2,4096,-5.224623394736842,1583,104.44736842105263,,,,,,,,,,,,
2,7,8192,-5.223274923076923,1123,102.35897435897436,-0.05857255682349205,0.014320884,0.07989031076431274,-0.03691039696896041,0.1415771484375,10,0.0909979581971129,0.2,0.0003,-3.278278446570039,,
3,11,12288,-5.185401730000001,1025,101.05,-0.07708282023668289,0.018492026,0.8606817573308945,-0.04587568093847949,0.178125,20,0.031788628543290544,0.2,0.0003,-3.2499097123742104,,
4,16,16384,-5.03478483,991,100.73,-0.07602450996637344,0.017881624,0.9485830739140511,-0.04751132284436608,0.1941650390625,30,0.02198569578031311,0.2,0.0003,-3.2308897715061904,,
,,20000,,,,-0.055717527866363525,0.018844267,0.9515924789011478,-0.04864819966460345,0.2048095703125,40,0.013663409030050389,0.2,0.0003,-3.2272233951836826,-4.797550199999999,90.6
5,21,20480,-4.942774769999999,968,102.46,,,,,,,,,,,,
6,25,24576,-4.72526438,971,101.31,-0.08500174432992935,0.022121288,0.9418327398598194,-0.04982583593446179,0.2288818359375,50,0.009345790730912995,0.2,0.0003,-3.2048183057457207,,
7,29,28672,-4.61269293,973,100.85,-0.09845560789108276,0.019282758,0.9540653489530087,-0.05224435189811629,0.22822265625,60,0.008708057245894452,0.2,0.0003,-3.1671814851462843,,
8,33,32768,-4.43321644,970,100.13,-0.06807919591665268,0.023269458,0.9467708505690098,-0.04967919118716964,0.2427490234375,70,0.0071407917837859715,0.2,0.0003,-3.1202411647886037,,
9,37,36864,-4.28189954,970,101.05,-0.08137253671884537,0.019621518,0.9523151628673077,-0.04709149517148035,0.2153564453125,80,0.006085862251165963,0.2,0.0003,-3.1313369810581206,,
,,40000,,,,-0.06168270483613014,0.021034554,0.9489755481481552,-0.04924044724612031,0.2442138671875,90,0.006647229864574911,0.2,0.0003,-3.1105000492185355,-3.7338195999999995,84.8
10,42,40960,-4.144108970000001,960,102.02,,,,,,,,,,,,
11,47,45056,-4.07432685,957,102.67,-0.0647466629743576,0.021919616,0.9480067603290081,-0.04564847908404772,0.2407958984375,100,0.004160508216409653,0.2,0.0003,-3.104480418935418,,
12,51,49152,-3.90301442,958,102.06,-0.07642897963523865,0.021461267,0.9476336427032948,-0.04741788586397888,0.24072265625,110,0.00449980504827181,0.2,0.0003,-3.0570973552763463,,
13,55,53248,-3.9071603999999995,955,101.35,-0.05451936274766922,0.01898501,0.9328985139727592,-0.038368221212294884,0.2302734375,120,0.004785340737998922,0.2,0.0003,-3.0499305300414563,,
14,60,57344,-3.926735,954,100.41,-0.08454428613185883,0.021492135,0.9313114657998085,-0.049287518276832996,0.2470947265625,130,0.006388819593121297,0.2,0.0003,-3.049836403876543,,
,,60000,,,,-0.07490165531635284,0.022404801,0.9615463986992836,-0.04675845304882387,0.249853515625,140,0.0036970366969399037,0.2,0.0003,-3.0562664460390807,-4.133386799999999,97.0
15,64,61440,-3.9142268099999997,945,99.96,,,,,,,,,,,,
16,69,65536,-3.8296016400000004,946,101.16,-0.06459604948759079,0.021324635,0.9561922252178192,-0.04390111141692614,0.25322265625,150,0.005074491519098956,0.2,0.0003,-3.034189674630761,,
17,73,69632,-3.9133460499999995,948,101.35,-0.06967722624540329,0.021828596,0.9580565132200718,-0.043536397479329025,0.243603515625,160,0.003865687254074146,0.2,0.0003,-3.0142839182168246,,
18,77,73728,-4.01061915,946,101.2,-0.08367031812667847,0.022410795,0.9518361240625381,-0.04975566881330451,0.2577392578125,170,0.004769660495367134,0.2,0.0003,-3.0193768706172706,,
19,82,77824,-3.952372879999999,946,100.5,-0.05587994307279587,0.020386215,0.9503198303282261,-0.045381203680153706,0.2355224609375,180,0.004701959184876614,0.2,0.0003,-2.9940803948789836,,
,,80000,,,,-0.0698404610157013,0.02218306,0.9353447109460831,-0.0469531559952884,0.2635498046875,190,0.006000398106607463,0.2,0.0003,-2.9815995335578918,-4.4497002000000005,92.4
20,86,81920,-3.87853408,942,100.66,,,,,,,,,,,,
21,91,86016,-3.8161898,941,100.31,-0.0831979364156723,0.022907529,0.9301650896668434,-0.047550357962973064,0.2498046875,200,0.006542903802619548,0.2,0.0003,-2.9311077922582625,,
22,95,90112,-3.76892338,942,101.37,-0.06812550127506256,0.023471069,0.9531544707715511,-0.0497509877437551,0.2739990234375,210,0.005507192260483862,0.2,0.0003,-2.923612067103386,,
23,100,94208,-3.7890448199999995,941,102.03,-0.08050336688756943,0.024379987,0.9571770243346691,-0.04907564133682172,0.2802001953125,220,0.004452632863103645,0.2,0.0003,-2.9287923842668535,,
24,104,98304,-3.7361266900000003,939,102.02,-0.049736473709344864,0.021972008,0.9495479948818684,-0.04486671012564329,0.2708984375,230,0.004076989814620902,0.2,0.0003,-2.9152239102870228,,
,,100000,,,,-0.07478033751249313,0.021765452,0.9394970573484898,-0.040594007607796814,0.2720703125,240,0.0056781000031151056,0.2,0.0003,-2.8949400555342435,-3.160848,87.8
25,109,102400,-3.7347675700000003,933,101.27,,,,,,,,,,,,
26,114,106496,-3.68242909,931,100.78,-0.07312598079442978,0.022160906,0.9395224414765835,-0.03997954017031589,0.2576171875,250,0.004993104984532692,0.2,0.0003,-2.8730334617197513,,
27,118,110592,-3.63728864,931,101.26,-0.07518351078033447,0.025057087,0.9350526556372643,-0.041177010940009494,0.28115234375,260,0.005702133020531619,0.2,0.0003,-2.900309805199504,,
28,122,114688,-3.6821027500000008,932,101.76,-0.053209058940410614,0.023860222,0.94712994992733,-0.04333034273658996,0.2735107421875,270,0.005061116154683987,0.2,0.0003,-2.8565027337521314,,
29,127,118784,-3.6945205700000003,931,101.5,-0.09207899123430252,0.025101123,0.9518151246011257,-0.046272030887485015,0.27119140625,280,0.003996516216193413,0.2,0.0003,-2.833675477653742,,
,,120000,,,,-0.06724484264850616,0.024407182,0.9474795050919056,-0.04479551541517139,0.2653564453125,290,0.005280493906684569,0.2,0.0003,-2.8038061898201705,-2.9412968000000004,82.8
30,132,122880,-3.729324540000001,928,101.97,,,,,,,,,,,,
31,136,126976,-3.6018605599999995,928,100.57,-0.09376385062932968,0.027433552,0.9516329132020473,-0.045064588686364,0.29375,300,0.004480661689467524,0.2,0.0003,-2.7896273899823427,,
32,141,131072,-3.5265175799999997,927,100.46,-0.060895949602127075,0.026874626,0.9535660967230797,-0.04618791524335393,0.2833251953125,310,0.004419139776928205,0.2,0.0003,-2.8185967206954956,,
33,145,135168,-3.50042874,926,99.99,-0.05587306246161461,0.023845913,0.923277772963047,-0.04290839119712473,0.272705078125,320,0.005899496106667357,0.2,0.0003,-2.7488223269581793,,
34,150,139264,-3.4759533000000005,926,100.6,-0.06514259427785873,0.024995347,0.9651007167994976,-0.04639242182747694,0.276708984375,330,0.003152632617548079,0.2,0.0003,-2.733570856973529,,
,,140000,,,,-0.06302815675735474,0.026647016,0.9360561892390251,-0.045159108040388675,0.30029296875,340,0.004743873892584816,0.2,0.0003,-2.685850366950035,-3.6179797999999996,97.4
35,154,143360,-3.40413581,925,100.47,,,,,,,,,,,,
36,159,147456,-3.44686155,926,101.69,-0.06643764674663544,0.025964119,0.9602269046008587,-0.04251421364169801,0.2791259765625,350,0.0038892955987648746,0.2,0.0003,-2.7076449397951365,,
37,163,151552,-3.47321564,926,102.75,-0.07460393011569977,0.026481085,0.9397806860506535,-0.043848436391272116,0.2701904296875,360,0.004606864072138705,0.2,0.0003,-2.719955912604928,,
38,167,155648,-3.3944468800000003,926,101.89,-0.06312461942434311,0.025298163,0.9520736932754517,-0.04426027979352511,0.285693359375,370,0.003793827253866766,0.2,0.0003,-2.695092859491706,,
39,172,159744,-3.4044434300000006,927,102.31,-0.04249425232410431,0.024596944,0.9411127232015133,-0.042200175142352234,0.2661376953125,380,0.003986662817169417,0.2,0.0003,-2.6628971945494415,,
,,160000,,,,-0.030021842569112778,0.02457691,0.9510355107486248,-0.042287632826628396,0.273681640625,390,0.003354623128689127,0.2,0.0003,-2.6538410890847444,-3.5684266,100.8
40,176,163840,-3.38553816,926,102.58,,,,,,,,,,,,
41,181,167936,-3.3196740300000003,926,101.69,-0.06811144202947617,0.02690027,0.9584497921168804,-0.04067775203147903,0.309716796875,400,0.002876080524401914,0.2,0.0003,-2.603217624500394,,
42,185,172032,-3.27248096,927,100.66,-0.06296246498823166,0.027060973,0.9447620213031769,-0.039015061461395814,0.2763427734375,410,0.003200075772110722,0.2,0.0003,-2.6335331607609986,,
43,189,176128,-3.2438718,927,101.19,-0.05659707263112068,0.027942717,0.9506688006222248,-0.041569568384147715,0.2908203125,420,0.00394394640761675,0.2,0.0003,-2.600504994764924,,
,,180000,,,,-0.07391573488712311,0.027076617,0.9494805298745632,-0.03946473083342426,0.291259765625,430,0.003547166315456707,0.2,0.0003,-2.5638900596648453,-3.0581878,94.0
44,194,180224,-3.2366019399999995,926,100.72,,,,,,,,,,,,
45,199,184320,-3.2820978299999997,926,100.71,-0.06028693541884422,0.026068293,0.9375397078692913,-0.04360430887172697,0.2818115234375,440,0.003816624692626647,0.2,0.0003,-2.5381868951022626,,
46,203,188416,-3.277851810000001,926,99.58,-0.0735664963722229,0.027900819,0.9439114704728127,-0.04322690051048994,0.29794921875,450,0.004563515027075482,0.2,0.0003,-2.5235173478722572,,
47,207,192512,-3.2288725799999995,926,99.89,-0.08647240698337555,0.026830133,0.9626843445003033,-0.044913776612884246,0.29775390625,460,0.0037691865735723696,0.2,0.0003,-2.5100766371935608,,
48,212,196608,-3.15379546,926,100.07,-0.06036600098013878,0.028034598,0.9451497197151184,-0.037357794489435034,0.301953125,470,0.003987900784068188,0.2,0.0003,-2.4543222963809965,,
,,200000,,,,-0.054088931530714035,0.028148113,0.9577434994280338,-0.041009548606962196,0.291943359375,480,0.0030954082797507,0.2,0.0003,-2.463510227948427,-2.8865416,86.8
49,216,200704,-3.13546489,925,100.17,,,,,,,,,,,,
50,221,204800,-3.27164868,925,101.23,-0.060470886528491974,0.028592288,0.954894844442606,-0.03957353043879266,0.2933837890625,490,0.0031736278086100357,0.2,0.0003,-2.435178905725479,,
51,226,208896,-3.31760675,923,101.31,-0.04417360574007034,0.027198095,0.9657641313970089,-0.04253817374483333,0.28623046875,500,0.0036310483583292807,0.2,0.0003,-2.470506964251399,,
52,230,212992,-3.2351495600000004,922,100.99,-0.07920710742473602,0.030558739,0.9528160318732262,-0.045057965389969465,0.3028076171875,510,0.004685732567122613,0.2,0.0003,-2.3527326118201017,,
53,235,217088,-3.1067180799999994,923,100.73,-0.07683350890874863,0.029234543,0.957688182592392,-0.041633740949328056,0.2839111328125,520,0.0039041639241077066,0.2,0.0003,-2.3392762131989002,,
,,220000,,,,-0.07041507214307785,0.032295004,0.9459668546915054,-0.04284218750181026,0.305712890625,530,0.0036804208324610955,0.2,0.0003,-2.309930519387126,-2.88951,99.2
54,240,221184,-3.041975690000001,920,101.11,,,,,,,,,,,,
55,244,225280,-2.9967479599999995,920,99.89,-0.05998626723885536,0.028489854,0.959732074290514,-0.045549327796470605,0.287890625,540,0.0030034434796107233,0.2,0.0003,-2.3369987178593874,,
56,249,229376,-3.0661458300000004,920,100.42,-0.06693623214960098,0.027889134,0.9452310390770435,-0.04250893300559255,0.289013671875,550,0.003522901825908775,0.2,0.0003,-2.342051823437214,,
57,253,233472,-3.0003719500000003,921,100.1,-0.04830147698521614,0.028279997,0.9584207944571972,-0.041380961003596894,0.3062744140625,560,0.003919088947714045,0.2,0.0003,-2.348755356669426,,
58,257,237568,-2.9980828099999997,922,101.13,-0.0472060963511467,0.028642096,0.9365899935364723,-0.040725536422178264,0.303662109375,570,0.004114672313517076,0.2,0.0003,-2.328572703525424,,
,,240000,,,,-0.07107941806316376,0.030948259,0.9285750314593315,-0.03965092442231253,0.2966796875,580,0.0050605273133442095,0.2,0.0003,-2.3024830009788273,-3.1123134,102.4
59,262,241664,-3.07164498,920,100.9,,,,,,,,,,,,
60,266,245760,-3.1665284600000003,920,102.08,-0.06422611325979233,0.03121963,0.9577467814087868,-0.045197549826116304,0.307958984375,590,0.0037656898606655887,0.2,0.0003,-2.3517471428960564,,
61,271,249856,-3.165868739999999,921,101.92,-0.08741951733827591,0.030847818,0.9553008563816547,-0.040057565176539356,0.3050537109375,600,0.0040438767972773345,0.2,0.0003,-2.316373481228948,,
62,275,253952,-3.13271072,921,101.75,-0.06642978638410568,0.03097856,0.9482579194009304,-0.04400853261249722,0.291748046875,610,0.004002404955735983,0.2,0.0003,-2.3433498594909907,,
63,279,258048,-3.058822089999999,921,101.95,-0.07502835243940353,0.029713571,0.9646612070500851,-0.043333601289486975,0.3051025390625,620,0.0032366696606914045,0.2,0.0003,-2.276439222879708,,
,,260000,,,,-0.05250656232237816,0.029679336,0.9504899382591248,-0.03921479788441502,0.2971923828125,630,0.003818853173288517,0.2,0.0003,-2.3097208883613347,-2.7544836000000004,90.4
64,284,262144,-2.97666736,921,102.08,,,,,,,,,,,,
65,288,266240,-3.0068560399999997,921,102.21,-0.05806095153093338,0.032395896,0.9623970501124859,-0.04363589957501972,0.313818359375,640,0.0029191840634666733,0.2,0.0003,-2.308132091164589,,
66,293,270336,-3.03880559,922,102.32,-0.06098067760467529,0.029197194,0.9513833113014698,-0.04195228575190413,0.2942626953125,650,0.0035837983565215835,0.2,0.0003,-2.307457360252738,,
67,297,274432,-3.0567641400000003,922,102.45,-0.04976917430758476,0.029515594,0.9557159394025803,-0.0376196925957629,0.299365234375,660,0.0033558756324055137,0.2,0.0003,-2.233573283813894,,
68,302,278528,-3.0263520900000005,921,102.8,-0.055461280047893524,0.030502707,0.9494268819689751,-0.03984701947047142,0.294873046875,670,0.004045816352481779,0.2,0.0003,-2.280085361376405,,
,,280000,,,,-0.0778801292181015,0.029540665,0.9575662165880203,-0.037557956310774895,0.2819091796875,680,0.0034016454740594783,0.2,0.0003,-2.174615848250687,-3.28016,97.8
69,308,282624,-3.09871892,916,102.48,,,,,,,,,,,,
70,313,286720,-3.0907140199999996,914,101.17,-0.08171537518501282,0.029478315,0.9653792418539524,-0.04150776715978281,0.2997802734375,690,0.0027607740288658534,0.2,0.0003,-2.192813989892602,,
71,318,290816,-3.09514862,913,100.13,-0.051885250955820084,0.028855037,0.9633838832378387,-0.03899008848638914,0.2981201171875,700,0.0028754612130796886,0.2,0.0003,-2.15901503469795,,
72,323,294912,-3.0910932500000006,911,100.43,-0.054208625108003616,0.03247636,0.9357583522796631,-0.03954630086500401,0.3131591796875,710,0.005159984307738341,0.2,0.0003,-2.14324159771204,,
73,328,299008,-3.0930766700000003,910,101.73,-0.06544257700443268,0.030013468,0.9529137164354324,-0.039630382428731535,0.28837890625,720,0.0045510071861826875,0.2,0.0003,-2.1091655468568207,,
,,300000,,,,-0.039209526032209396,0.030113112,0.9561726748943329,-0.03521260135821649,0.3054931640625,730,0.003954193275603757,0.2,0.0003,-2.110623290389776,-2.5703206,93.6
74,333,303104,-3.0384360899999994,908,101.02,,,,,,,,,,,,
75,338,307200,-3.09242321,906,101.3,-0.0877545103430748,0.03037596,0.9581542313098907,-0.03994454027124448,0.30126953125,740,0.003351978541286371,0.2,0.0003,-2.0903732895851137,,
76,343,311296,-3.09303604,907,101.97,-0.06581903994083405,0.030459557,0.9535437226295471,-0.039927476063894574,0.297412109375,750,0.003940406041965616,0.2,0.0003,-2.0861447054892777,,
77,347,315392,-3.0666204400000003,907,101.91,-0.06917262077331543,0.031517453,0.9467148147523403,-0.03734759014332667,0.2921142578125,760,0.0035517910631824635,0.2,0.0003,-2.097544705122709,,
78,351,319488,-3.0242061200000006,908,102.31,-0.0536423921585083,0.0276421,0.9466734193265438,-0.03756628030969296,0.288671875,770,0.003578199882122135,0.2,0.0003,-2.0042084405198692,,
,,320000,,,,-0.07302486896514893,0.031152345,0.9615219980478287,-0.04249928230783553,0.3084716796875,780,0.00318589323615015,0.2,0.0003,-2.0212317384779452,-2.5064203999999997,91.6
79,357,323584,-2.9713915900000005,906,101.96,,,,,,,,,,,,
80,361,327680,-2.95206103,905,101.36,-0.07054559141397476,0.030276656,0.9272003397345543,-0.037313001577422254,0.29169921875,790,0.004586084810125612,0.2,0.0003,-1.9990452921018005,,
81,367,331776,-2.9253244499999997,903,100.28,-0.053426872938871384,0.031406395,0.9524676539003849,-0.04171754094386415,0.3122314453125,800,0.004196803533432103,0.2,0.0003,-1.9919712752103806,,
82,371,335872,-2.8882109,904,99.94,-0.09046448022127151,0.029087948,0.9638324789702892,-0.04082444537925767,0.3010009765625,810,0.0030389682632630866,0.2,0.0003,-1.9643445113673805,,
83,375,339968,-2.8683111799999996,904,101.56,-0.04801291972398758,0.030648215,0.9565358944237232,-0.039948060880124106,0.2989501953125,820,0.003772589547224925,0.2,0.0003,-1.90155210737139,,
,,340000,,,,-0.07893374562263489,0.027727958,0.9651562571525574,-0.04376980549677682,0.2966552734375,830,0.003374747248562926,0.2,0.0003,-1.8851153722032905,-2.4326734,89.4
84,381,344064,-2.88960238,902,101.59,,,,,,,,,,,,
85,386,348160,-2.8795595300000003,901,100.33,-0.08863219618797302,0.027907735,0.9603680856525898,-0.036277958225400656,0.2787841796875,840,0.0034774362094140087,0.2,0.0003,-1.9395375853404402,,
86,390,352256,-2.89964062,901,100.64,-0.03481990098953247,0.028393816,0.9463544189929962,-0.03776483681795071,0.27822265625,850,0.003402641562024655,0.2,0.0003,-1.8783044505864381,,
87,395,356352,-2.88309123,901,100.79,-0.050220150500535965,0.03413993,0.9563618525862694,-0.03827008443004161,0.303662109375,860,0.0028428637308024916,0.2,0.0003,-1.8611053623259068,,
,,360000,,,,-0.07434004545211792,0.030549083,0.9687596596777439,-0.03876121894281823,0.287353515625,870,0.0027229418587921828,0.2,0.0003,-1.8560330210253597,-2.5270046,92.2
88,400,360448,-2.8496347,899,101.0,,,,,,,,,,,,
89,405,364544,-2.8606998900000002,900,100.86,-0.06299735605716705,0.028410044,0.9355166032910347,-0.0340054109099583,0.2915283203125,880,0.003578398855188425,0.2,0.0003,-1.869852164015174,,
90,409,368640,-2.8323443,900,100.22,-0.055605851113796234,0.026424453,0.9602247327566147,-0.030567120456544215,0.272119140625,890,0.003190065338912973,0.2,0.0003,-1.7844173952937126,,
91,413,372736,-2.8665042599999997,901,100.8,-0.06164328008890152,0.025506824,0.957201175391674,-0.032538758611917726,0.26982421875,900,0.002876798229954147,0.2,0.0003,-1.8058498049154879,,
92,418,376832,-2.8655396599999996,899,101.32,-0.05353188514709473,0.032011136,0.9789596553891897,-0.03833488524032873,0.2972412109375,910,0.0020874278871815476,0.2,0.0003,-1.838140019401908,,
,,380000,,,,-0.04114466905593872,0.030683573,0.9591461382806301,-0.02921691315568751,0.2812744140625,920,0.0029131128535937025,0.2,0.0003,-1.7862870464101435,-2.0682008,88.6
93,424,380928,-2.845995629999999,898,101.84,,,,,,,,,,,,
94,428,385024,-2.84697227,898,101.66,-0.053163010627031326,0.030890577,0.9541575312614441,-0.03600839161372278,0.2888427734375,930,0.0033698760604238486,0.2,0.0003,-1.83787264470011,,
95,432,389120,-2.8171304800000003,899,100.02,-0.05291980132460594,0.02981108,0.9505643285810947,-0.03411161320545943,0.2864990234375,940,0.0031448835404262352,0.2,0.0003,-1.7890027299523354,,
96,437,393216,-2.78347567,898,99.62,-0.036518678069114685,0.030087594,0.9596768505871296,-0.03562994973481182,0.2869140625,950,0.003126810565117921,0.2,0.0003,-1.7578008156269789,,
97,442,397312,-2.77842899,898,99.51,-0.059910647571086884,0.033055656,0.9423100836575031,-0.032836266722006256,0.2979248046875,960,0.004332634827551374,0.2,0.0003,-1.7766604946926237,,
,,400000,,,,-0.06903252005577087,0.031111227,0.9545204117894173,-0.037577461214823416,0.2913330078125,970,0.0033817307504250492,0.2,0.0003,-1.7581899857148529,-2.2940788000000003,99.6
98,447,401408,-2.8456943199999993,897,100.85,,,,,,,,,,,,
99,451,405504,-2.8985969200000006,897,101.22,-0.05959876999258995,0.02919301,0.9414794482290745,-0.03447904434651718,0.2774658203125,980,0.003995535399462824,0.2,0.0003,-1.7676699694246054,,
100,455,409600,-2.87002765,898,101.15,-0.030009975656867027,0.030619703,0.96494534984231,-0.03906787663254363,0.3002197265625,990,0.0029318548978153557,0.2,0.0003,-1.7709967086091638,,
101,460,413696,-2.7626870900000005,898,100.69,-0.07413933426141739,0.027200632,0.9450549110770226,-0.03165531440681661,0.275146484375,1000,0.004233206629760389,0.2,0.0003,-1.7836946595460177,,
102,464,417792,-2.7522937300000008,899,101.4,-0.05902478098869324,0.030430801,0.9542300514876842,-0.03559464340796694,0.293505859375,1010,0.00295536721141616,0.2,0.0003,-1.7772100823000074,,
,,420000,,,,-0.03915226086974144,0.029724862,0.9720104578882456,-0.0395436527680431,0.27900390625,1020,0.002408341808586556,0.2,0.0003,-1.7618089569732547,-2.4057104000000002,92.2
103,469,421888,-2.7746429900000003,899,101.01,,,,,,,,,,,,
104,473,425984,-2.830723030000001,899,101.59,-0.05044260621070862,0.028522853,0.9705464150756598,-0.03647626226302236,0.2883544921875,1030,0.0023866860671660104,0.2,0.0003,-1.7656702641397715,,
105,477,430080,-2.8319800999999996,899,102.02,-0.08643949031829834,0.032653265,0.9704585261642933,-0.03928480090762605,0.3136474609375,1040,0.002212824623757115,0.2,0.0003,-1.7929825000464916,,
106,482,434176,-2.8176200199999992,900,102.54,-0.06477038562297821,0.029977696,0.958904966711998,-0.03430605297180591,0.275537109375,1050,0.0030039623879929422,0.2,0.0003,-1.738906190171838,,
107,486,438272,-2.8229499299999996,901,101.66,-0.07250843942165375,0.029598974,0.9611217901110649,-0.03633179761382053,0.290771484375,1060,0.0031725145912787412,0.2,0.0003,-1.7588973972946405,,
,,440000,,,,-0.04369170963764191,0.032496624,0.9603267386555672,-0.03582070152788219,0.2871337890625,1070,0.0028389700089519465,0.2,0.0003,-1.7552310883998872,-2.2868994000000002,87.4
108,491,442368,-2.8493369800000004,900,101.42,,,,,,,,,,,,
109,495,446464,-2.78510554,900,101.27,-0.04039018973708153,0.02828043,0.9523818381130695,-0.03647244047533604,0.2963623046875,1080,0.0037552983195382693,0.2,0.0003,-1.744947545789182,,
110,499,450560,-2.73986223,901,99.97,-0.04458417370915413,0.030405024,0.957882896065712,-0.03387808701154427,0.2836669921875,1090,0.0035542061937121616,0.2,0.0003,-1.6920811988413333,,
111,504,454656,-2.78008603,901,101.21,-0.03259113430976868,0.028457426,0.9628746397793293,-0.03424763559050916,0.283154296875,1100,0.003111375329717703,0.2,0.0003,-1.7305292980745435,,
112,508,458752,-2.7594034200000004,901,100.69,-0.07023721933364868,0.031900406,0.9650379493832588,-0.03582642652108916,0.311572265625,1110,0.0025930887922640975,0.2,0.0003,-1.7349982803687454,,
,,460000,,,,-0.07588840276002884,0.028721668,0.9596171863377094,-0.03132471350691048,0.278076171875,1120,0.0026422673922752438,0.2,0.0003,-1.7095537506043912,-2.4653653999999996,88.2
113,513,462848,-2.687227289999999,901,100.04,,,,,,,,,,,,
114,517,466944,-2.7044745500000005,902,99.75,-0.039199817925691605,0.030942023,0.9545652829110622,-0.03242869329369569,0.2824951171875,1130,0.003028566732245963,0.2,0.0003,-1.6788678854703902,,
115,521,471040,-2.73677482,903,100.46,-0.05699571967124939,0.03216072,0.9556103907525539,-0.032857436202903045,0.278955078125,1140,0.003386705798948242,0.2,0.0003,-1.681931745260954,,
116,525,475136,-2.7559791000000002,903,101.04,-0.05933940038084984,0.030108267,0.9685445800423622,-0.03591577396946377,0.29306640625,1150,0.0027320116240844073,0.2,0.0003,-1.6672947516664862,,
117,530,479232,-2.82418174,903,101.79,-0.08045200258493423,0.03141455,0.9528729543089867,-0.0364244826923823,0.2956298828125,1160,0.0037241348644784012,0.2,0.0003,-1.6849147345870734,,
,,480000,,,,-0.06711103022098541,0.033614755,0.9625582806766033,-0.040320732986583604,0.2996826171875,1170,0.0029884039474382005,0.2,0.0003,-1.6255595054477454,-2.4356888000000003,90.6
118,534,483328,-2.8265304700000002,903,101.9,,,,,,,,,,,,
119,539,487424,-2.78565356,903,101.29,-0.0627702847123146,0.02927568,0.9586080089211464,-0.03416222897940315,0.2757080078125,1180,0.0032807083198349574,0.2,0.0003,-1.6520119903609156,,
120,543,491520,-2.7340596200000005,903,101.12,-0.0438547283411026,0.02969592,0.9540319368243217,-0.03645835522620473,0.27978515625,1190,0.003424713490585418,0.2,0.0003,-1.6460530357435346,,
121,547,495616,-2.6897202299999994,904,100.47,-0.05162499472498894,0.029834762,0.9526445530354977,-0.03229235203034477,0.27548828125,1200,0.0034391566146950935,0.2,0.0003,-1.6653510022908449,,
122,552,499712,-2.74228774,904,101.54,0.002345163142308593,0.030552723,0.9574335776269436,-0.03462153260334162,0.2836181640625,1210,0.002587442433286924,0.2,0.0003,-1.6553755406290294,,
,,500000,,,,-0.06824972480535507,0.028403595,0.9601750075817108,-0.035577745972295814,0.2791748046875,1220,0.002591507922170422,0.2,0.0003,-1.6449602948501707,-2.427458,93.2
123,556,503808,-2.74815448,904,101.65,,,,,,,,,,,,
124,561,507904,-2.75606246,905,100.74,-0.04187806323170662,0.030017667,0.970443319529295,-0.03778107407051721,0.2940673828125,1230,0.002081520064984943,0.2,0.0003,-1.604100037738681,,
125,565,512000,-2.7577821199999994,905,100.55,-0.04207644239068031,0.030488707,0.965204980224371,-0.03610790333405021,0.2885986328125,1240,0.00252256500580188,0.2,0.0003,-1.6199868261814117,,
126,569,516096,-2.7628875699999997,905,101.54,-0.06021908298134804,0.032739848,0.9613065272569656,-0.03610304824323975,0.291162109375,1250,0.002868598004079104,0.2,0.0003,-1.6338335145264864,,
,,520000,,,,-0.040684930980205536,0.03356842,0.9563746191561222,-0.03486697179869225,0.2977783203125,1260,0.003276656571415515,0.2,0.0003,-1.6463654963299632,-2.5971430000000004,93.2
127,574,520192,-2.73416132,905,101.01,,,,,,,,,,,,
128,578,524288,-2.7428965700000005,905,102.13,-0.03166835755109787,0.029671557,0.9386332705616951,-0.035118798698385946,0.2813720703125,1270,0.004470604641664977,0.2,0.0003,-1.6442434063181282,,
129,583,528384,-2.72425486,906,102.24,-0.04781092330813408,0.02971983,0.9412832967936993,-0.03351628250675276,0.2825439453125,1280,0.003736068678426818,0.2,0.0003,-1.610754401050508,,
130,587,532480,-2.6765128300000005,906,100.91,-0.04969639331102371,0.02710326,0.9530514776706696,-0.0318195987447325,0.271435546875,1290,0.003487005638817209,0.2,0.0003,-1.6370827609673142,,
131,591,536576,-2.7253975300000004,907,101.03,-0.0649273693561554,0.031334035,0.9604926779866219,-0.035433105082120164,0.2881103515625,1300,0.0030589993484682054,0.2,0.0003,-1.6279827497899533,,
,,540000,,,,-0.04894239827990532,0.027545732,0.9680503495037556,-0.03427563856130291,0.2682861328125,1310,0.002658770917696529,0.2,0.0003,-1.6200565572828054,-2.6982008,94.0
132,596,540672,-2.75947712,906,101.68,,,,,,,,,,,,
133,600,544768,-2.75617958,907,101.5,-0.05839759111404419,0.029328026,0.9660635590553284,-0.033782189696648854,0.2802490234375,1320,0.002521010992450101,0.2,0.0003,-1.58570663202554,,
134,604,548864,-2.7489247800000003,907,101.11,-0.036009084433317184,0.029405154,0.953457597643137,-0.032001605383266,0.281396484375,1330,0.0035451618050501565,0.2,0.0003,-1.5859766153618693,,
135,608,552960,-2.69238738,908,100.64,-0.0292898528277874,0.030344952,0.9658143669366837,-0.034528289709123784,0.2796875,1340,0.002452961968810996,0.2,0.0003,-1.580811795592308,,
136,613,557056,-2.6572962299999996,908,100.06,-0.05409518629312515,0.032037444,0.9633242189884186,-0.03461299779228284,0.27978515625,1350,0.0027938948872360926,0.2,0.0003,-1.5648603569716215,,
,,560000,,,,-0.051012683659791946,0.029155947,0.9463346302509308,-0.03309469160121807,0.268359375,1360,0.003527588086853939,0.2,0.0003,-1.534651625715196,-2.2896096,93.6
137,617,561152,-2.70491456,908,99.98,,,,,,,,,,,,
138,621,565248,-2.7375634000000004,908,101.05,-0.04380239173769951,0.030945769,0.9583106450736523,-0.031983360238155,0.29638671875,1370,0.0037989153432135938,0.2,0.0003,-1.5497404899448157,,
139,626,569344,-2.736535660000001,909,100.8,-0.06871700286865234,0.03368953,0.9724961444735527,-0.03291409077246499,0.2927001953125,1380,0.0022570078641820147,0.2,0.0003,-1.5230123488232494,,
140,630,573440,-2.7002050399999997,909,100.91,-0.06324680894613266,0.034377154,0.9666043072938919,-0.03381457411160227,0.2942626953125,1390,0.002536809627781622,0.2,0.0003,-1.541679659858346,,
141,634,577536,-2.6376687199999997,909,100.75,-0.06940193474292755,0.02849593,0.9572348482906818,-0.03018215308948129,0.2700927734375,1400,0.0028442795955015755,0.2,0.0003,-1.5049847677350043,,
,,580000,,,,-0.03162239119410515,0.034062177,0.9600509591400623,-0.03146523187024286,0.313330078125,1410,0.0022296341366654813,0.2,0.0003,-1.513981791585684,-2.4896878,88.6
142,639,581632,-2.65354624,909,101.74,,,,,,,,,,,,
143,643,585728,-2.6322569199999997,909,101.07,-0.04786291345953941,0.033277698,0.961125660687685,-0.0371786719038937,0.282421875,1420,0.0027361034228761127,0.2,0.0003,-1.5486544340848922,,
144,647,589824,-2.66695202,910,101.38,-0.0415203794836998,0.032510888,0.9521839581429958,-0.029305684106657282,0.2859375,1430,0.003193783921278737,0.2,0.0003,-1.5190218023955822,,
145,652,593920,-2.6697433300000006,910,101.64,-0.07313042134046555,0.03459288,0.9570463635027409,-0.035954393999418244,0.2992431640625,1440,0.0030009126730874414,0.2,0.0003,-1.512048389017582,,
146,656,598016,-2.674323019999999,911,102.29,-0.06789946556091309,0.033589076,0.9558555148541927,-0.03142109702966991,0.284716796875,1450,0.0030612132289206785,0.2,0.0003,-1.5115626707673073,,
,,600000,,,,-0.05911204591393471,0.0325203,0.9659316204488277,-0.03357479720034462,0.2939697265625,1460,0.0027222301329857144,0.2,0.0003,-1.5238184574991465,-2.333193,93.6
147,661,602112,-2.6669436900000005,910,101.94,,,,,,,,,,,,
148,665,606208,-2.6326606499999996,910,101.47,-0.03874620050191879,0.031880617,0.9734928142279387,-0.0380963237650576,0.2877685546875,1470,0.0021557680590376547,0.2,0.0003,-1.4813529826700687,,
149,670,610304,-2.59826878,910,101.08,-0.05012355372309685,0.034650102,0.9524781815707684,-0.0280850472565362,0.2832763671875,1480,0.0030349924105394165,0.2,0.0003,-1.475007713213563,,
150,674,614400,-2.62201301,911,101.7,-0.06934646517038345,0.035662096,0.955517902970314,-0.035133933519682616,0.3012451171875,1490,0.0034955648581671992,0.2,0.0003,-1.5052240885794164,,
151,678,618496,-2.65955088,911,101.83,-0.057611871510744095,0.035325192,0.9569330513477325,-0.03454285150000942,0.285009765625,1500,0.0028196088810545916,0.2,0.0003,-1.5343380182981492,,
,,620000,,,,-0.0706690326333046,0.03304889,0.9703043214976788,-0.03410618632769911,0.307177734375,1510,0.00243463885053643,0.2,0.0003,-1.4887132981792093,-2.469889,89.4
152,683,622592,-2.6918242799999996,911,100.69,,,,,,,,,,,,
153,687,626688,-2.6348923,911,99.58,-0.057297226041555405,0.03664423,0.9615233242511749,-0.038377447566745104,0.287744140625,1520,0.002789013053461531,0.2,0.0003,-1.4608125727623702,,
154,691,630784,-2.60753957,911,99.92,-0.0634765550494194,0.030189715,0.9535213336348534,-0.0344308141633519,0.2731689453125,1530,0.003255967694985884,0.2,0.0003,-1.4534576687961818,,
155,696,634880,-2.5901062800000005,912,100.27,-0.056367386132478714,0.032654308,0.9688412677496672,-0.03260582328803139,0.2815185546875,1540,0.0025131180992502777,0.2,0.0003,-1.4431958835572005,,
156,700,638976,-2.6332743799999996,912,101.78,-0.0420406311750412,0.029817712,0.9603147841989994,-0.028611664612253663,0.277099609375,1550,0.0027113721744171926,0.2,0.0003,-1.4141185458749532,,
,,640000,,,,-0.057833947241306305,0.03283746,0.964446697384119,-0.03207181591205881,0.280322265625,1560,0.0023258115600583553,0.2,0.0003,-1.4436357257887722,-2.2333658000000005,94.8
157,705,643072,-2.64718218,911,101.24,,,,,,,,,,,,
158,709,647168,-2.6341118999999997,911,100.43,-0.04515600949525833,0.031044312,0.9479735754430294,-0.03147692272250424,0.2800537109375,1570,0.0032271709988890506,0.2,0.0003,-1.4434068702161311,,
159,713,651264,-2.711715140000001,912,100.93,-0.07513081282377243,0.031968918,0.9619220942258835,-0.03533725498127751,0.2722900390625,1580,0.00288724230877051,0.2,0.0003,-1.451637253165245,,
160,718,655360,-2.67372384,912,101.44,-0.07753511518239975,0.029971752,0.9671438783407211,-0.03501203834384796,0.272265625,1590,0.002281050822148245,0.2,0.0003,-1.4507091965526342,,
161,722,659456,-2.67823736,912,101.2,-0.05674343183636665,0.032233894,0.9610978588461876,-0.02984430438664276,0.272216796875,1600,0.002835325948035461,0.2,0.0003,-1.4201240891590714,,
,,660000,,,,-0.05329003185033798,0.027241314,0.9540825895965099,-0.0322232363083458,0.259228515625,1610,0.003145733351175295,0.2,0.0003,-1.439479124173522,-2.195153,92.6
162,727,663552,-2.6412337399999997,912,101.5,,,,,,,,,,,,
163,731,667648,-2.6305176799999996,912,101.37,-0.0380367636680603,0.033823688,0.9559396356344223,-0.03442946881914395,0.2845947265625,1620,0.002859419579635869,0.2,0.0003,-1.446550663933158,,
164,735,671744,-2.5945217200000004,913,101.2,-0.05736905708909035,0.03358715,0.9656956903636456,-0.03238004713639384,0.2787841796875,1630,0.0023138741803450102,0.2,0.0003,-1.4277785021811724,,
165,739,675840,-2.5957228800000003,913,101.69,-0.02338470332324505,0.034669798,0.957521066069603,-0.038176340145219,0.293115234375,1640,0.0030212636703254247,0.2,0.0003,-1.4454427041113376,,
166,743,679936,-2.5648636700000003,913,102.14,-0.018088478595018387,0.03163366,0.9594653509557247,-0.03350312777292856,0.28720703125,1650,0.0029049677220427837,0.2,0.0003,-1.4768278054893016,,
,,680000,,,,-0.04531371593475342,0.03216909,0.9648737385869026,-0.034070727895596065,0.2911865234375,1660,0.0024989848332552357,0.2,0.0003,-1.4269646670669318,-2.3795152,94.0
167,748,684032,-2.57516652,913,102.42,,,,,,,,,,,,
168,753,688128,-2.6567278900000004,913,101.45,-0.07512371242046356,0.03639141,0.9422255307435989,-0.0346078380363906,0.2946533203125,1670,0.004298821194333868,0.2,0.0003,-1.4883716493844985,,
169,757,692224,-2.6743930700000003,913,101.4,-0.05241096764802933,0.03033833,0.9544178135693073,-0.03462015729419363,0.2737548828125,1680,0.0034102014863492515,0.2,0.0003,-1.4497010171413423,,
170,761,696320,-2.69232527,914,102.66,-0.044809211045503616,0.03827359,0.966507576406002,-0.03494523289846256,0.3010986328125,1690,0.0026048480915051185,0.2,0.0003,-1.4146423408761621,,
,,700000,,,,-0.05991202965378761,0.033156544,0.9661530293524265,-0.03251113301739679,0.2845703125,1700,0.0026873200172758517,0.2,0.0003,-1.4527496200054884,-2.6301662,102.0
171,766,700416,-2.66124535,913,102.79,,,,,,,,,,,,
172,771,704512,-2.6938991700000003,913,102.23,-0.07172863930463791,0.03362623,0.9584404900670052,-0.036019496346852975,0.2937255859375,1710,0.0030192528683983255,0.2,0.0003,-1.4273321274667978,,
173,775,708608,-2.65354563,913,101.9,-0.055707868188619614,0.03567384,0.9701836965978146,-0.04032606140863208,0.28486328125,1720,0.002922985145596613,0.2,0.0003,-1.379660439118743,,
174,780,712704,-2.6043190399999996,913,101.65,-0.03183063864707947,0.035817016,0.953949049115181,-0.033651166003619434,0.2822021484375,1730,0.0035174682491742717,0.2,0.0003,-1.4056440088897943,,
175,784,716800,-2.64210703,913,102.41,-0.0741560235619545,0.03771431,0.9665467441082001,-0.03724280353053473,0.299462890625,1740,0.0030492875734125847,0.2,0.0003,-1.4423733830451966,,
,,720000,,,,-0.06921263039112091,0.033194415,0.9748247768729925,-0.03754198673632345,0.2852294921875,1750,0.002226382724074938,0.2,0.0003,-1.491019770130515,-2.0973088,94.6
176,789,720896,-2.6597900699999997,913,101.54,,,,,,,,,,,,
177,793,724992,-2.6291125399999995,913,100.72,-0.06403230130672455,0.034850687,0.9504720084369183,-0.035429394606762796,0.2888671875,1760,0.004248230785924534,0.2,0.0003,-1.4579208929091692,,
178,797,729088,-2.6166433600000003,913,100.63,-0.055958379060029984,0.036500532,0.9542567580938339,-0.03434663290172466,0.2916259765625,1770,0.003486294653885125,0.2,0.0003,-1.445683222450316,,
179,802,733184,-2.5567255400000004,913,100.49,-0.06927947700023651,0.034029447,0.9734197985380888,-0.040582002242808814,0.2867431640625,1780,0.002464440526182443,0.2,0.0003,-1.4538741094991565,,
180,806,737280,-2.5363794399999997,914,101.24,-0.06404250115156174,0.036054116,0.9574279263615608,-0.03464337073455681,0.2957763671875,1790,0.0032394248897617216,0.2,0.0003,-1.446916015073657,,
,,740000,,,,-0.0665677860379219,0.037025638,0.953994132578373,-0.034769027720176385,0.289697265625,1800,0.002995117206774012,0.2,0.0003,-1.4119639124721288,-2.1316616,100.6
181,811,741376,-2.55182869,914,100.78,,,,,,,,,,,,
182,815,745472,-2.6055810200000002,914,101.99,-0.07103519886732101,0.034718595,0.9575439244508743,-0.03613004260259913,0.2945068359375,1810,0.0034025434386421695,0.2,0.0003,-1.4271356727927924,,
183,819,749568,-2.58010485,914,101.6,-0.04997829347848892,0.036696173,0.951792486011982,-0.033523639236955206,0.294384765625,1820,0.0036413029054529035,0.2,0.0003,-1.3840089658275248,,
184,824,753664,-2.5487321600000006,914,100.89,-0.02906663715839386,0.034363206,0.9647166132926941,-0.03491639528911037,0.2898193359375,1830,0.002674140295766847,0.2,0.0003,-1.440573151409626,,
185,828,757760,-2.54531073,914,100.09,-0.06461544334888458,0.030824682,0.955409586429596,-0.029632287732238183,0.2808837890625,1840,0.0027519128548192384,0.2,0.0003,-1.4546915674582124,,
,,760000,,,,-0.05468115583062172,0.03246872,0.9683674909174442,-0.03275200880234479,0.2799560546875,1850,0.002540258100270876,0.2,0.0003,-1.4415238182991743,-1.8221961999999998,84.6
186,833,761856,-2.56909042,914,100.36,,,,,,,,,,,,
187,837,765952,-2.56360835,914,100.55,-0.04849708825349808,0.032818206,0.9704519230872393,-0.03540020088403253,0.27880859375,1860,0.002080793132745384,0.2,0.0003,-1.4242889646440744,,
188,841,770048,-2.57343854,914,101.45,-0.041109077632427216,0.034841135,0.9730264022946358,-0.03216826005664188,0.293212890625,1870,0.0020753353234340467,0.2,0.0003,-1.379424232803285,,
189,846,774144,-2.56148619,914,101.39,-0.050812095403671265,0.03513693,0.9536531753838062,-0.029615531051240394,0.2778564453125,1880,0.003039718252284729,0.2,0.0003,-1.4375218337401747,,
190,850,778240,-2.55915674,914,100.67,-0.06402859091758728,0.03652566,0.9645766317844391,-0.031769676993280885,0.2832763671875,1890,0.0025085298898375186,0.2,0.0003,-1.4128075294196605,,
,,780000,,,,-0.06533217430114746,0.035483077,0.967341560870409,-0.0337462816551124,0.2951171875,1900,0.002477878381341725,0.2,0.0003,-1.3743602994829416,-2.1464464,94.4
191,855,782336,-2.56458647,914,101.44,,,,,,,,,,,,
192,859,786432,-2.5795524700000003,914,101.07,-0.09925893694162369,0.032832555,0.9661680944263935,-0.03760251936910208,0.2790771484375,1910,0.0027294610264107177,0.2,0.0003,-1.4148765778169037,,
193,863,790528,-2.5491080999999998,914,101.27,-0.06382222473621368,0.032115526,0.9607221074402332,-0.034676022822532106,0.26982421875,1920,0.0029643770943948767,0.2,0.0003,-1.3394053829833865,,
194,868,794624,-2.55755725,915,102.23,-0.07356008887290955,0.032505974,0.9643440283834934,-0.032785571509884905,0.2789306640625,1930,0.0025227604951396643,0.2,0.0003,-1.3909812889993192,,
195,872,798720,-2.54905745,915,101.82,-0.08130906522274017,0.03354547,0.9677694663405418,-0.03902031169636757,0.285986328125,1940,0.0026218382884508175,0.2,0.0003,-1.4209441607818007,,
,,800000,,,,-0.04703216999769211,0.034248736,0.9587163589894772,-0.03486096688575344,0.291796875,1950,0.0029454678643560327,0.2,0.0003,-1.3462437961250544,-2.170974,93.8
196,876,802816,-2.55821459,915,101.25,,,,,,,,,,,,
197,881,806912,-2.5742065,915,101.16,-0.061450086534023285,0.033897206,0.961972463876009,-0.037946809198183475,0.2948486328125,1960,0.002824998482265073,0.2,0.0003,-1.3688202997669578,,
198,885,811008,-2.63620766,916,101.72,-0.06061611697077751,0.039213523,0.9650970175862312,-0.035482731595402585,0.30791015625,1970,0.002510894560509769,0.2,0.0003,-1.3705680141225458,,
199,889,815104,-2.64847145,916,101.29,-0.06440643966197968,0.034457214,0.9484923630952835,-0.03161127763742115,0.296728515625,1980,0.0034801442079697154,0.2,0.0003,-1.3516671201214194,,
200,893,819200,-2.5961667300000006,916,100.35,-0.05346079543232918,0.032975934,0.9619053676724434,-0.03443786747739068,0.2810791015625,1990,0.0029490341999007796,0.2,0.0003,-1.3354322148486972,,
,,820000,,,,-0.06052360311150551,0.034035392,0.9685098379850388,-0.03476305183794466,0.292431640625,2000,0.0025952530068025226,0.2,0.0003,-1.3683548541739583,-1.9224928,86.8
201,898,823296,-2.57136641,916,101.31,,,,,,,,,,,,
202,902,827392,-2.56004645,916,102.33,-0.0688251256942749,0.04104364,0.9540655836462975,-0.03568392485940421,0.3099853515625,2010,0.0027940833592765557,0.2,0.0003,-1.4162833426147698,,
203,906,831488,-2.5483952399999996,916,102.64,-0.03907818719744682,0.0349306,0.9576861932873726,-0.03470989283632662,0.2945556640625,2020,0.0029428526813717326,0.2,0.0003,-1.401160860992968,,
204,911,835584,-2.53622787,916,102.25,-0.0665697455406189,0.03320369,0.9644991494715214,-0.03596916339083691,0.30322265625,2030,0.0025952965731448783,0.2,0.0003,-1.4234660781919957,,
205,915,839680,-2.53199946,917,101.9,-0.05967245250940323,0.034203447,0.9530403800308704,-0.03374427349990583,0.2903076171875,2040,0.003423510480479308,0.2,0.0003,-1.3933512430638075,,
,,840000,,,,-0.07073108851909637,0.033026524,0.9661954194307327,-0.03615335207505268,0.29482421875,2050,0.0030152800684845717,0.2,0.0003,-1.4034334234893322,-1.8362623999999996,93.8
206,920,843776,-2.4790846300000005,917,101.32,,,,,,,,,,,,
207,924,847872,-2.50330895,917,101.38,-0.04423465207219124,0.035206556,0.9617161601781845,-0.037797348653839435,0.2945068359375,2060,0.002829497209404508,0.2,0.0003,-1.40991425011307,,
208,928,851968,-2.51814626,917,101.49,-0.05723186954855919,0.03473351,0.959311630576849,-0.033929907502169954,0.293017578125,2070,0.002813358538514876,0.2,0.0003,-1.385801194794476,,
209,932,856064,-2.50292311,918,100.8,-0.06167982518672943,0.033372134,0.9520641043782234,-0.03565714308715542,0.284130859375,2080,0.003400890585362504,0.2,0.0003,-1.3651489447802305,,
,,860000,,,,-0.055236250162124634,0.035059847,0.9621950723230839,-0.03319271725631552,0.2811279296875,2090,0.0029890616589909767,0.2,0.0003,-1.3316677633672953,-1.7979680000000002,92.0
210,937,860160,-2.54397203,917,102.54,,,,,,,,,,,,
211,941,864256,-2.501234169999999,917,102.08,-0.05743051692843437,0.034147754,0.957077618688345,-0.036149060138268393,0.2913330078125,2100,0.0031208554435579574,0.2,0.0003,-1.3164224436506629,,
212,945,868352,-2.48334223,918,101.89,-0.01964336261153221,0.038252518,0.9614542946219444,-0.03260088224851643,0.279736328125,2110,0.0028324433118541493,0.2,0.0003,-1.3271891424432396,,
213,949,872448,-2.4904184999999996,918,102.78,-0.06296515464782715,0.034572013,0.9498134441673756,-0.033005019347183404,0.2810791015625,2120,0.0028957229582374567,0.2,0.0003,-1.3488239036872982,,
214,954,876544,-2.51605991,918,101.47,-0.057286038994789124,0.040636264,0.9633693918585777,-0.032515369678731074,0.287109375,2130,0.0029674427999452748,0.2,0.0003,-1.3671904465183615,,
,,880000,,,,-0.05686841532588005,0.03641147,0.9553330391645432,-0.0355601531744469,0.2879150390625,2140,0.0029754020457403384,0.2,0.0003,-1.3751076383516192,-1.8592511999999999,89.6
215,958,880640,-2.5606381899999997,918,99.71,,,,,,,,,,,,
216,963,884736,-2.608925309999999,918,100.04,-0.05707431212067604,0.036011364,0.9618616364896297,-0.03560328669846058,0.287158203125,2150,0.0031358756213194284,0.2,0.0003,-1.3638114828616381,,
217,967,888832,-2.55993099,918,101.23,-0.0478970929980278,0.039017,0.9653234854340553,-0.032590105634517384,0.2847412109375,2160,0.0026248569317431246,0.2,0.0003,-1.3107631666585804,,
218,971,892928,-2.56940266,919,101.26,-0.06637044996023178,0.04174229,0.9649986289441586,-0.03343090259222663,0.2924560546875,2170,0.0028046323094713444,0.2,0.0003,-1.3586459593847393,,
219,975,897024,-2.6489127699999995,919,101.8,-0.06205745413899422,0.038711946,0.9681049399077892,-0.03565078954306955,0.3050048828125,2180,0.002220980490983493,0.2,0.0003,-1.4255068100988866,,
,,900000,,,,-0.0578017495572567,0.034115702,0.9655648618936539,-0.03415282583227963,0.2894287109375,2190,0.0025382734198501566,0.2,0.0003,-1.411981009505689,-2.2441269999999998,93.4
220,980,901120,-2.6748095999999997,919,101.58,,,,,,,,,,,,
221,984,905216,-2.62951324,919,101.78,-0.04796750098466873,0.030467063,0.9696853011846542,-0.033045234597011586,0.288134765625,2200,0.0023615834548763814,0.2,0.0003,-1.3976249827072025,,
222,988,909312,-2.6036453799999997,919,101.8,-0.03881207853555679,0.032958783,0.9675415344536304,-0.03148825454190955,0.27802734375,2210,0.0022427900429647708,0.2,0.0003,-1.34655813742429,,
223,992,913408,-2.5958205299999997,919,101.94,-0.046361543238162994,0.035330042,0.9602348506450653,-0.03180578813116881,0.2826416015625,2220,0.002491153790106182,0.2,0.0003,-1.3124422989785671,,
224,997,917504,-2.58128564,920,101.91,-0.07350766658782959,0.034820154,0.9517675675451756,-0.032086968822113704,0.2590576171875,2230,0.0038434023971603893,0.2,0.0003,-1.2809291016310453,,
,,920000,,,,-0.054939739406108856,0.033929687,0.9590029492974281,-0.03269346579327248,0.2753662109375,2240,0.0030897632402229645,0.2,0.0003,-1.273428556881845,-1.9944982000000002,93.0
225,1001,921600,-2.51831215,919,99.69,,,,,,,,,,,,
226,1005,925696,-2.49068051,920,99.63,-0.046731870621442795,0.031874456,0.9609722718596458,-0.03370492968315375,0.2666748046875,2250,0.003267853816578281,0.2,0.0003,-1.2110320121981204,,
227,1010,929792,-2.43023666,920,99.78,-0.036174628883600235,0.040614337,0.9603683091700077,-0.031250609067865295,0.2891845703125,2260,0.0033957405335058866,0.2,0.0003,-1.1904104196466505,,
228,1014,933888,-2.4457231900000003,920,101.06,-0.04433005675673485,0.034664754,0.9570988193154335,-0.030353978342100164,0.27685546875,2270,0.002997008255442779,0.2,0.0003,-1.173940329719335,,
229,1018,937984,-2.4906732,920,100.93,-0.05895397812128067,0.03297712,0.9630542285740376,-0.03003605372723541,0.2606201171875,2280,0.0027716958163182424,0.2,0.0003,-1.1670356299728155,,
,,940000,,,,-0.06185655668377876,0.03442122,0.9694230388849974,-0.03566859828533779,0.2731201171875,2290,0.002588795251449483,0.2,0.0003,-1.162175817042589,-1.9247357999999999,89.6
230,1023,942080,-2.5049413200000004,920,101.35,,,,,,,,,,,,
231,1027,946176,-2.4983910700000003,920,101.55,-0.06983321905136108,0.034169883,0.9657426550984383,-0.03097807032900164,0.270166015625,2300,0.0027072986432358447,0.2,0.0003,-1.1338119362480938,,
232,1031,950272,-2.4995238599999996,920,102.24,-0.03507290780544281,0.03192041,0.970236411318183,-0.0313327172807476,0.2557373046875,2310,0.0029615115635351686,0.2,0.0003,-1.1261456004343926,,
233,1036,954368,-2.45366176,921,101.41,-0.08303938806056976,0.034530398,0.9707236830145121,-0.031292907342140096,0.25927734375,2320,0.0028087622895327513,0.2,0.0003,-1.1039844113402069,,
234,1040,958464,-2.4566668499999995,921,100.46,-0.036041732877492905,0.03335087,0.9589310362935066,-0.02837221657100599,0.2547607421875,2330,0.003006608935083932,0.2,0.0003,-1.129114397894591,,
,,960000,,,,-0.06340141594409943,0.03392511,0.9764373414218426,-0.0328403853578493,0.2684814453125,2340,0.0017915342203195905,0.2,0.0003,-1.10479567758739,-2.1128196,92.2
235,1045,962560,-2.45612035,920,100.25,,,,,,,,,,,,
236,1049,966656,-2.4474979599999993,921,101.08,-0.022738464176654816,0.034979247,0.9636255279183388,-0.029341496271808865,0.2679931640625,2350,0.0026111876490176656,0.2,0.0003,-1.085198177024722,,
237,1053,970752,-2.50841155,921,102.09,-0.05771300196647644,0.03402313,0.9651172086596489,-0.031968109936860854,0.26552734375,2360,0.002717512977505976,0.2,0.0003,-1.1090138236060738,,
238,1057,974848,-2.4918064600000003,921,101.66,-0.04708806425333023,0.034877557,0.9665644057095051,-0.02663084849555162,0.25576171875,2370,0.002637145728658652,0.2,0.0003,-1.1075464801862835,,
239,1062,978944,-2.4911681800000003,921,101.72,-0.04913144186139107,0.0369599,0.9584212265908718,-0.029769265623326647,0.2602294921875,2380,0.0029086530613767537,0.2,0.0003,-1.0788803376257419,,
,,980000,,,,-0.03671278432011604,0.033531487,0.9596523754298687,-0.02759893933980493,0.2572509765625,2390,0.00229989090644267,0.2,0.0003,-1.0901913170702755,-1.8703482,95.4
240,1066,983040,-2.45576772,921,100.76,,,,,,,,,,,,
241,1071,987136,-2.41965467,921,100.92,-0.06248735636472702,0.032274965,0.9670231677591801,-0.032779398490674794,0.2559814453125,2400,0.0023034990384985577,0.2,0.0003,-1.1291981920599938,,
242,1075,991232,-2.45412776,921,101.65,-0.0683819055557251,0.035863977,0.9733627550303936,-0.03365989330995944,0.2612548828125,2410,0.0021656185112078675,0.2,0.0003,-1.1187950912863016,,
243,1079,995328,-2.4552918299999997,921,101.34,-0.028655216097831726,0.029619308,0.9618083201348782,-0.03177535567519953,0.257177734375,2420,0.002713312308333116,0.2,0.0003,-1.1435617234557867,,
244,1083,999424,-2.38516197,922,100.22,-0.05647307634353638,0.036712386,0.9641777910292149,-0.03387313152052229,0.2664794921875,2430,0.002626117209365475,0.2,0.0003,-1.0980636385269462,,
,,1000000,,,,-0.06778130680322647,0.03550919,0.9566503055393696,-0.0330941237101797,0.2649658203125,2440,0.003153697814559564,0.2,0.0003,-1.1302566689439117,-1.9587024,91.2
245,1088,1003520,-2.36372295,921,100.65,,,,,,,,,,,,
246,1092,1007616,-2.39592663,921,101.53,-0.04272432625293732,0.034538414,0.957350593060255,-0.02927264688842115,0.254833984375,2450,0.0032486662305927895,0.2,0.0003,-1.1492018054239452,,
247,1097,1011712,-2.44342102,922,101.77,-0.06767690181732178,0.034374654,0.9570242203772068,-0.030393068640114505,0.2573974609375,2460,0.00266827593140988,0.2,0.0003,-1.133995503000915,,
248,1101,1015808,-2.4297235200000005,922,102.11,-0.045808132737874985,0.034729615,0.9724914077669382,-0.03548639179862221,0.2703369140625,2470,0.0020279312170714547,0.2,0.0003,-1.1443396258167922,,
249,1105,1019904,-2.45502846,922,102.33,-0.02132004126906395,0.04160997,0.9738352857530117,-0.03762106088543078,0.2823974609375,2480,0.002278905341609061,0.2,0.0003,-1.1276015669107438,,
,,1020000,,,,-0.050515316426754,0.035999216,0.9557117894291878,-0.029787345242948505,0.26904296875,2490,0.0032197902073221483,0.2,0.0003,-1.1402089551091195,-2.0324242,99.6
250,1110,1024000,-2.41107006,922,101.13,,,,,,,,,,,,
251,1114,1028096,-2.3789464300000005,922,101.11,-0.04550579562783241,0.037672907,0.9566836133599281,-0.02986832040769514,0.27421875,2500,0.002674019921778381,0.2,0.0003,-1.1188987686298788,,
252,1119,1032192,-2.41359389,922,100.87,-0.05949394404888153,0.03716207,0.9670947045087814,-0.03323847404608386,0.26005859375,2510,0.0025163680234982166,0.2,0.0003,-1.1223828789778054,,
253,1123,1036288,-2.4221132499999998,922,101.8,-0.05394217371940613,0.03476519,0.9764854460954666,-0.03595109749221592,0.26787109375,2520,0.0021824522077622532,0.2,0.0003,-1.1768152181059122,,
,,1040000,,,,-0.04710337519645691,0.036391627,0.9628233835101128,-0.03420220244806842,0.26953125,2530,0.0025722303116708645,0.2,0.0003,-1.1311109641566872,-2.339615,102.4
254,1128,1040384,-2.4139423900000003,922,101.79,,,,,,,,,,,,
255,1132,1044480,-2.3785895800000003,922,101.46,-0.05159042030572891,0.035431795,0.9627120234072208,-0.031421967740607216,0.2708251953125,2540,0.002876989370724914,0.2,0.0003,-1.1347291775979103,,
256,1136,1048576,-2.4236811599999997,922,101.87,-0.061743613332509995,0.032573603,0.9669627733528614,-0.03441700774565106,0.26064453125,2550,0.002836035534073744,0.2,0.0003,-1.1218066013418138,,
257,1141,1052672,-2.4260273100000003,922,101.71,-0.05675458908081055,0.037690192,0.9598927870392799,-0.03295650554136955,0.2694580078125,2560,0.0026949058983518626,0.2,0.0003,-1.101165583450347,,
258,1145,1056768,-2.4122099799999996,922,102.24,-0.06040879711508751,0.033937342,0.9595579504966736,-0.029156553159555187,0.2454833984375,2570,0.002499572952820017,0.2,0.0003,-1.0934368021786214,,
,,1060000,,,,-0.0547635480761528,0.035391033,0.9702426791191101,-0.03525439605728024,0.2617919921875,2580,0.002347566222806563,0.2,0.0003,-1.098779695481062,-1.9774608,90.0
259,1149,1060864,-2.4099888600000003,922,103.01,,,,,,,,,,,,
260,1154,1064960,-2.4352833300000003,922,102.92,-0.04236583411693573,0.032499008,0.9563460163772106,-0.03097295875559212,0.2545166015625,2590,0.0028743424863023393,0.2,0.0003,-1.097192423697561,,
261,1158,1069056,-2.3997739799999995,922,101.91,-0.06127185374498367,0.031976104,0.9634402431547642,-0.03600229056828539,0.262255859375,2600,0.00274958315103504,0.2,0.0003,-1.0972502887248994,,
262,1163,1073152,-2.42906818,922,101.56,-0.04705563187599182,0.032255422,0.9674254730343819,-0.0330768556559633,0.2491455078125,2610,0.00248702871349451,0.2,0.0003,-1.0731019712984562,,
263,1167,1077248,-2.41647906,922,100.72,-0.07919072359800339,0.03329878,0.9643006063997746,-0.035501369185294604,0.26875,2620,0.0033323885813842935,0.2,0.0003,-1.063114180509001,,
,,1080000,,,,-0.05946230888366699,0.035384443,0.9617205411195755,-0.03431220326747279,0.2747314453125,2630,0.0031585659425218183,0.2,0.0003,-1.0390998932532967,-2.0798322,94.6
264,1172,1081344,-2.47466843,922,101.86,,,,,,,,,,,,
265,1176,1085440,-2.45468066,922,101.55,-0.06238548830151558,0.033805296,0.9676242843270302,-0.03429480577578943,0.254296875,2640,0.0025773220452720126,0.2,0.0003,-1.038024570979178,,
266,1180,1089536,-2.4558703499999996,923,101.41,-0.06146621331572533,0.03625489,0.9596939124166965,-0.03103218418345932,0.2674560546875,2650,0.0029624227106069155,0.2,0.0003,-1.047153138834983,,
267,1184,1093632,-2.4887021000000003,923,101.34,-0.05848824977874756,0.034768365,0.9666431248188019,-0.0322389984401525,0.2709228515625,2660,0.002629438600706635,0.2,0.0003,-1.0939063319936395,,
268,1188,1097728,-2.46863654,923,100.98,-0.07760235667228699,0.03849685,0.9652671925723553,-0.03176801760782837,0.2768798828125,2670,0.0027196547975108843,0.2,0.0003,-1.0713950634002685,,
,,1100000,,,,-0.04926412180066109,0.03882711,0.9627050012350082,-0.033944544549740385,0.27646484375,2680,0.003137154984051449,0.2,0.0003,-1.0740161006338895,-2.0848481999999997,98.2
269,1193,1101824,-2.50178526,923,101.26,,,,,,,,,,,,
270,1198,1105920,-2.4833839300000005,923,101.68,-0.06064312905073166,0.034774818,0.9674109145998955,-0.03684807273675687,0.2709716796875,2690,0.002573415283404756,0.2,0.0003,-1.05790265314281,,
271,1202,1110016,-2.4579735000000005,923,101.25,-0.06310892850160599,0.03580866,0.9593167752027512,-0.028851996014418547,0.2554931640625,2700,0.0028999444047258295,0.2,0.0003,-1.0292469337582588,,
272,1206,1114112,-2.4002650400000003,923,100.71,-0.05122282728552818,0.038426846,0.9621889851987362,-0.028691486385650933,0.269873046875,2710,0.002833101915894076,0.2,0.0003,-1.0369437669403851,,
273,1211,1118208,-2.4706487,923,101.3,-0.06692750751972198,0.033454638,0.9604949727654457,-0.03144023182867386,0.2593505859375,2720,0.0032076530079393705,0.2,0.0003,-1.0336987215094269,,
,,1120000,,,,-0.049190886318683624,0.039337408,0.9706280808895826,-0.0319113418689085,0.2687255859375,2730,0.002920306344913115,0.2,0.0003,-1.0420129876583815,-1.9794694,94.6
274,1215,1122304,-2.48947551,923,102.41,,,,,,,,,,,,
275,1220,1126400,-2.5149479699999997,923,103.16,-0.03509875386953354,0.03394655,0.9701710194349289,-0.03148306509356189,0.2551513671875,2740,0.0024132885712788267,0.2,0.0003,-1.0279528802260756,,
276,1224,1130496,-2.43425541,923,101.21,-0.05042995885014534,0.036961094,0.9656582176685333,-0.032601536624133585,0.253076171875,2750,0.0026646765633813628,0.2,0.0003,-1.0090814670547843,,
277,1228,1134592,-2.4278525699999998,923,100.35,-0.06529765576124191,0.035772737,0.9626089967787266,-0.028463699952408206,0.2609130859375,2760,0.002976199273871316,0.2,0.0003,-1.0016969635151327,,
278,1232,1138688,-2.4487299399999998,923,100.28,-0.06207108870148659,0.03675273,0.9624027386307716,-0.03013794462349324,0.2670654296875,2770,0.002801365324648941,0.2,0.0003,-1.0053085434250533,,
,,1140000,,,,-0.0644083097577095,0.03779952,0.9576050862669945,-0.030468345796180074,0.25673828125,2780,0.003331701217302907,0.2,0.0003,-0.9916565620340407,-2.0260552,97.0
279,1237,1142784,-2.4702850200000004,923,101.41,,,,,,,,,,,,
280,1241,1146880,-2.4753167499999997,923,101.67,-0.03286534175276756,0.039552443,0.9666516482830048,-0.02855935240004328,0.2577392578125,2790,0.0025489888224001335,0.2,0.0003,-1.014492154866457,,
281,1246,1150976,-2.45108092,923,101.57,-0.07214408367872238,0.037231103,0.9716917145997286,-0.029786068719113247,0.2736572265625,2800,0.002136344454720529,0.2,0.0003,-1.0470946682617068,,
282,1250,1155072,-2.41119485,923,101.42,-0.04487033560872078,0.036610927,0.9729588199406862,-0.031644504985888486,0.2602294921875,2810,0.0019932092615817963,0.2,0.0003,-1.0330533186905086,,
283,1254,1159168,-2.40613276,923,100.77,-0.047158900648355484,0.03445384,0.9555773809552193,-0.02553657841999666,0.2585693359375,2820,0.002673909721488599,0.2,0.0003,-1.0311117581091822,,
,,1160000,,,,-0.05957945063710213,0.036263056,0.9655329883098602,-0.03242254908691393,0.2548828125,2830,0.002157692158016289,0.2,0.0003,-1.0513664767146111,-2.330825,97.2
284,1259,1163264,-2.44049796,923,102.44,,,,,,,,,,,,
285,1263,1167360,-2.4327036999999994,923,103.16,-0.046782031655311584,0.033329472,0.9723626840859652,-0.031305269341464735,0.2698974609375,2840,0.002636247216923948,0.2,0.0003,-1.0713697685860097,,
286,1268,1171456,-2.4310669000000007,923,102.3,-0.07567749172449112,0.035053052,0.9737058710306883,-0.03037754725155537,0.2579345703125,2850,0.0020706579023681117,0.2,0.0003,-1.0187434077262878,,
287,1272,1175552,-2.44107743,924,101.21,-0.0655587837100029,0.03382871,0.9720957148820162,-0.03495701709616696,0.25498046875,2860,0.0022157071406581964,0.2,0.0003,-1.0317176445387304,,
288,1276,1179648,-2.46201086,924,101.98,-0.06557609885931015,0.036961373,0.9560036584734917,-0.034352416071487826,0.2548828125,2870,0.0032073982715701277,0.2,0.0003,-1.0217623868957162,,
,,1180000,,,,-0.06129508092999458,0.030651614,0.9723214823752642,-0.03236629017301311,0.2491455078125,2880,0.0023322811615798856,0.2,0.0003,-1.0007585954852403,-1.9066505999999996,88.4
289,1281,1183744,-2.40799219,923,100.92,,,,,,,,,,,,
290,1285,1187840,-2.40018439,923,100.47,-0.02182592637836933,0.034627307,0.9695566743612289,-0.03140322625913541,0.2485107421875,2890,0.002238891436627455,0.2,0.0003,-0.956458087451756,,
291,1289,1191936,-2.4635117000000006,923,101.52,-0.03935495391488075,0.036996886,0.9681956395506859,-0.029961568106227788,0.256201171875,2900,0.002243468528513404,0.2,0.0003,-0.994143242854625,,
292,1294,1196032,-2.4284041000000003,924,100.68,-0.07506199926137924,0.037763745,0.9650465697050095,-0.03113315754198993,0.271875,2910,0.0026031611192138373,0.2,0.0003,-1.0067169696092606,,
,,1200000,,,,-0.05391282960772514,0.041494966,0.9638876914978027,-0.030330343331297627,0.26513671875,2920,0.0026470715338291484,0.2,0.0003,-0.9939835675060749,-1.7813660000000002,90.2
293,1299,1200128,-2.4064852400000003,923,100.71,,,,,,,,,,,,
294,1303,1204224,-2.3893185,923,100.57,-0.05712616443634033,0.036397625,0.9649050496518612,-0.03102725889038993,0.2541015625,2930,0.0026465791074770095,0.2,0.0003,-0.9862750792875886,,
295,1307,1208320,-2.39384394,923,100.96,-0.052872080355882645,0.03000493,0.9612397737801075,-0.030946182207844685,0.23056640625,2940,0.0027253402260612345,0.2,0.0003,-0.9463221370242536,,
296,1312,1212416,-2.48598401,924,102.16,-0.07410881668329239,0.03529509,0.9683157540857792,-0.03174299647216685,0.260498046875,2950,0.0023118823933145904,0.2,0.0003,-1.0216018340550364,,
297,1316,1216512,-2.50745453,924,102.17,-0.02972896210849285,0.03576847,0.9677833020687103,-0.03069088491029106,0.2509521484375,2960,0.0024458722850340562,0.2,0.0003,-0.9757978526875377,,
,,1220000,,,,-0.03772391006350517,0.03462316,0.9692960251122713,-0.03252894365723478,0.2587158203125,2970,0.0023339421033597317,0.2,0.0003,-1.014389883633703,-2.0214506,93.4
298,1321,1220608,-2.4515529799999998,923,101.92,,,,,,,,,,,,
299,1325,1224704,-2.4590010400000004,923,101.55,-0.02656720019876957,0.05037113,0.9655351042747498,-0.02736211845476646,0.2675537109375,2980,0.002371436598969012,0.2,0.0003,-1.008234914764762,,
300,1329,1228800,-2.39989532,924,100.59,-0.07663322985172272,0.035238497,0.9609484784305096,-0.03055962437429116,0.2749755859375,2990,0.0026402727013191906,0.2,0.0003,-1.0680984252132475,,
301,1334,1232896,-2.40037722,924,99.79,-0.06796177476644516,0.06844166,0.9580796137452126,-0.033331617476869725,0.295703125,3000,0.0027421213086199713,0.2,0.0003,-1.0766214380040764,,
302,1338,1236992,-2.45799653,924,100.48,-0.048336345702409744,0.035026517,0.9547389559447765,-0.0303564298836136,0.2802734375,3010,0.002946107550178567,0.2,0.0003,-1.0989539911970496,,
,,1240000,,,,-0.06048273667693138,0.03960084,0.953684750944376,-0.03197014334073174,0.2853515625,3020,0.002864884297378012,0.2,0.0003,-1.0936153694987296,-1.7266698000000003,87.2
303,1343,1241088,-2.46566064,924,101.25,,,,,,,,,,,,
304,1347,1245184,-2.4746524699999997,924,101.13,-0.04552549868822098,0.03832255,0.9613017849624157,-0.034463739346392686,0.2734130859375,3030,0.003133307705229527,0.2,0.0003,-1.0801953884772957,,
305,1351,1249280,-2.51621365,924,101.33,-0.03292703256011009,0.036143336,0.9620721153914928,-0.03318044579209527,0.2830322265625,3040,0.0026851011909457155,0.2,0.0003,-1.0826022650115192,,
306,1355,1253376,-2.4778784899999997,924,101.15,-0.06896966695785522,0.035095073,0.9722045063972473,-0.03345076723235252,0.272802734375,3050,0.0021248389211905305,0.2,0.0003,-1.0664473926648497,,
307,1360,1257472,-2.4837808999999997,924,101.92,-0.018352828919887543,0.034091637,0.9609562791883945,-0.032561610318953174,0.2678955078125,3060,0.002991949042188935,0.2,0.0003,-1.0767457481473683,,
,,1260000,,,,-0.0588395819067955,0.042158745,0.9676253795623779,-0.03336013531916251,0.2823974609375,3070,0.0025677111821096332,0.2,0.0003,-1.0642154039815068,-2.2290152,99.8
308,1364,1261568,-2.45167214,924,100.73,,,,,,,,,,,,
309,1368,1265664,-2.5021492899999997,924,101.44,-0.038639895617961884,0.033007193,0.964401438832283,-0.027641453438263852,0.26171875,3080,0.0018992378741131688,0.2,0.0003,-1.0195411127991973,,
310,1373,1269760,-2.5579026000000002,924,102.25,-0.046355776488780975,0.036571994,0.9691346809267998,-0.03112911913485732,0.2786865234375,3090,0.0022962817566622106,0.2,0.0003,-1.0486894365400077,,
311,1377,1273856,-2.51256362,924,102.27,-0.05100782960653305,0.03327832,0.973848232999444,-0.028270683778828243,0.26005859375,3100,0.002080917243165459,0.2,0.0003,-1.0275745974853634,,
312,1381,1277952,-2.5121819300000006,924,102.22,-0.06628316640853882,0.039423533,0.964665699750185,-0.03369066585510154,0.2848876953125,3110,0.0023490282721468246,0.2,0.0003,-1.0687559051439166,,
,,1280000,,,,-0.06610661000013351,0.040238865,0.9629542976617813,-0.03446185567008797,0.2767578125,3120,0.002673726353987149,0.2,0.0003,-1.0737209003418684,-2.020632,85.8
313,1386,1282048,-2.5115988300000005,924,102.05,,,,,,,,,,,,
314,1390,1286144,-2.4955119700000004,924,101.53,-0.06740154325962067,0.038938,0.9642879404127598,-0.03327118028464611,0.2829833984375,3130,0.002010001305143305,0.2,0.0003,-1.109237631317228,,
315,1394,1290240,-2.5194371799999997,925,101.08,-0.04068441316485405,0.039344873,0.9574793316423893,-0.03157300859602401,0.274609375,3140,0.002757801287862094,0.2,0.0003,-1.1030457959510387,,
316,1398,1294336,-2.54230605,925,101.72,-0.05884065106511116,0.034571458,0.9605759456753731,-0.03292261859824066,0.2721435546875,3150,0.0033258410613598243,0.2,0.0003,-1.131953796185553,,
317,1403,1298432,-2.51369823,925,101.4,-0.060480326414108276,0.03615957,0.9675045125186443,-0.03466603159249644,0.2927490234375,3160,0.002716046854220622,0.2,0.0003,-1.1134334120899438,,
,,1300000,,,,-0.04644971340894699,0.03430362,0.9624025113880634,-0.03388610503388918,0.2702392578125,3170,0.0030208612384740262,0.2,0.0003,-1.1052597722038626,-2.2060766,98.6
318,1407,1302528,-2.5075134500000003,925,101.52,,,,,,,,,,,,
319,1412,1306624,-2.50487142,925,101.7,-0.03423650935292244,0.032118183,0.9538527615368366,-0.029670187307419837,0.257177734375,3180,0.002991690892395127,0.2,0.0003,-1.0655738395638763,,
320,1416,1310720,-2.5159271199999997,925,102.4,-0.060116007924079895,0.03391823,0.9557928666472435,-0.03282918701297603,0.2796630859375,3190,0.003259834726759436,0.2,0.0003,-1.0844783728942275,,
321,1420,1314816,-2.56279142,925,103.2,-0.03193477541208267,0.038212754,0.971418933942914,-0.031464962080644907,0.2716796875,3200,0.002216059898228195,0.2,0.0003,-1.0718993461690842,,
322,1424,1318912,-2.5445769300000003,925,102.23,-0.06698352098464966,0.040793277,0.9576331600546837,-0.03139813302186667,0.2741943359375,3210,0.0027173282315743562,0.2,0.0003,-1.0838653084821999,,
,,1320000,,,,-0.08338538557291031,0.0435936,0.9593631625175476,-0.03664793056450435,0.2823974609375,3220,0.0032420098329566825,0.2,0.0003,-1.056503788754344,-1.9817988000000004,85.4
323,1429,1323008,-2.5648534600000006,925,102.52,,,,,,,,,,,,
324,1433,1327104,-2.55440522,925,102.16,-0.06334508210420609,0.034838356,0.9679541178047657,-0.03410754751239438,0.27529296875,3230,0.00300136286587076,0.2,0.0003,-1.0759075934067368,,
325,1438,1331200,-2.5599711299999997,925,102.61,-0.048371899873018265,0.033109397,0.9693418145179749,-0.03112159335578326,0.27158203125,3240,0.0027186215670553793,0.2,0.0003,-1.0563843491487206,,
326,1442,1335296,-2.51879467,925,101.76,-0.068077452480793,0.038440138,0.9651961699128151,-0.031737622875880334,0.2693115234375,3250,0.002425894389034511,0.2,0.0003,-1.0526294439099728,,
327,1446,1339392,-2.4374264599999997,925,100.75,-0.08212288469076157,0.039764874,0.9664169028401375,-0.03403615639908821,0.273681640625,3260,0.0022857381473841087,0.2,0.0003,-1.0203792735934258,,
,,1340000,,,,-0.04893415793776512,0.034798913,0.9573240503668785,-0.032549340613695674,0.2687255859375,3270,0.00259151980135357,0.2,0.0003,-1.0006786546669901,-1.6915993999999999,96.0
328,1451,1343488,-2.3796882100000003,925,100.08,,,,,,,,,,,,
329,1455,1347584,-2.4211354000000003,925,101.78,-0.026411693543195724,0.037285455,0.969174612313509,-0.0288631865681964,0.26904296875,3280,0.0022869733417792302,0.2,0.0003,-1.0233279789797962,,
330,1459,1351680,-2.42335118,925,102.65,-0.04442135617136955,0.038093954,0.9678371027112007,-0.029892949424174732,0.270751953125,3290,0.0024152167245119925,0.2,0.0003,-1.0144423207268118,,
331,1464,1355776,-2.4504839499999997,925,102.19,-0.0608312152326107,0.041192077,0.9693507272750139,-0.03082879313806188,0.28408203125,3300,0.002090347667945025,0.2,0.0003,-1.0240310772322119,,
332,1468,1359872,-2.48045359,926,102.76,-0.06856902688741684,0.037983492,0.948077317327261,-0.03279343323156354,0.27578125,3310,0.0033114674335593007,0.2,0.0003,-1.04201688086614,,
,,1360000,,,,-0.03740404546260834,0.04003963,0.9607602432370186,-0.03151406922479509,0.27265625,3320,0.0030574696867915916,0.2,0.0003,-1.0345053487457334,-2.0611045999999997,91.0
333,1473,1363968,-2.4641987700000003,925,102.88,,,,,,,,,,,,
334,1477,1368064,-2.5208117600000004,926,101.94,-0.03575899451971054,0.038954698,0.9614799506962299,-0.03235320546446019,0.2656982421875,3330,0.0027304547480525797,0.2,0.0003,-1.0533694152720272,,
335,1481,1372160,-2.45795819,926,100.77,-0.07060501724481583,0.036498435,0.9479359537363052,-0.031568615762807894,0.267431640625,3340,0.0037425591140163306,0.2,0.0003,-1.0584492268972099,,
336,1486,1376256,-2.4406849699999995,926,101.7,-0.0600738450884819,0.03462127,0.9516417942941189,-0.03262197282965644,0.273486328125,3350,0.003793061446049251,0.2,0.0003,-1.019337576534599,,
,,1380000,,,,-0.07423005998134613,0.039744545,0.9640847742557526,-0.03553882834967226,0.2754638671875,3360,0.0027646668288980438,0.2,0.0003,-1.0277904479764401,-1.9856649999999998,85.4
337,1490,1380352,-2.42229187,925,101.74,,,,,,,,,,,,
338,1495,1384448,-2.43914417,926,101.74,-0.037812985479831696,0.04217183,0.9540698193013668,-0.034476976261430536,0.27236328125,3370,0.0030529245379511847,0.2,0.0003,-1.0194163887761534,,
339,1499,1388544,-2.42768974,926,101.1,-0.03440982475876808,0.03652775,0.9629126898944378,-0.029949624086293626,0.25712890625,3380,0.0029656052390237162,0.2,0.0003,-1.0012624878436327,,
340,1503,1392640,-2.4229582300000003,926,100.46,-0.05746399983763695,0.03979107,0.9685564413666725,-0.036845838813314914,0.2759521484375,3390,0.002411528448556055,0.2,0.0003,-1.0209389475174249,,
341,1507,1396736,-2.3754215000000003,926,99.91,-0.06223902851343155,0.04190007,0.9535227715969086,-0.031849313691054704,0.2780029296875,3400,0.003144108085962216,0.2,0.0003,-1.0010116543620824,,
,,1400000,,,,-0.06648072600364685,0.038527783,0.9700758419930935,-0.03464703294157516,0.271630859375,3410,0.0023864074103585155,0.2,0.0003,-1.071671149507165,-1.9591886000000003,86.8
342,1512,1400832,-2.37599175,926,99.81,,,,,,,,,,,,
343,1516,1404928,-2.44501562,926,101.58,-0.05196157842874527,0.03812878,0.9623136222362518,-0.03433176344333333,0.270947265625,3420,0.0031163559907326998,0.2,0.0003,-1.0280408352613448,,
344,1520,1409024,-2.3920985000000003,926,101.56,-0.054887354373931885,0.041132797,0.9644500687718391,-0.03575029070561868,0.2644287109375,3430,0.0029504859276130446,0.2,0.0003,-0.9981853370554745,,
345,1525,1413120,-2.36692233,926,101.96,-0.0687960758805275,0.032906476,0.9596386589109898,-0.026616317156731385,0.2566162109375,3440,0.0025877406110339507,0.2,0.0003,-1.00837621409446,,
346,1529,1417216,-2.3460629499999994,926,102.09,-0.05800003930926323,0.033093236,0.9679197743535042,-0.0343739778487361,0.2498046875,3450,0.0019426466679760778,0.2,0.0003,-0.9714561723172664,,
,,1420000,,,,-0.04207390174269676,0.038921624,0.9628693051636219,-0.035512470567482524,0.26142578125,3460,0.0025558955891028744,0.2,0.0003,-0.9643603767268359,-1.7254398000000002,87.8
347,1533,1421312,-2.3567232700000003,926,101.53,,,,,,,,,,,,
348,1538,1425408,-2.31362444,926,100.44,-0.06915857642889023,0.0407262,0.9612873420119286,-0.03563366313173901,0.2682373046875,3470,0.002757239741004014,0.2,0.0003,-0.9617245627567172,,
349,1542,1429504,-2.3662581900000004,926,100.79,-0.0709717869758606,0.037964903,0.9544174112379551,-0.03205531017156318,0.264697265625,3480,0.0030532451795806993,0.2,0.0003,-0.992810421437025,,
350,1546,1433600,-2.3631413300000004,926,101.83,-0.07255268841981888,0.034569893,0.9692299794405699,-0.03587968519714195,0.2549072265625,3490,0.0022161489946483925,0.2,0.0003,-0.9895041133277118,,
351,1551,1437696,-2.34597793,926,100.81,-0.08298738300800323,0.042116158,0.9762341789901257,-0.03400268583209254,0.26015625,3500,0.0019704698276655106,0.2,0.0003,-0.9791746660135686,,
,,1440000,,,,-0.059168942272663116,0.04611986,0.9687947053462267,-0.03675746364606312,0.2676025390625,3510,0.002241450324345351,0.2,0.0003,-0.9600692196749151,-1.8821162,94.2
352,1555,1441792,-2.2746889,926,100.01,,,,,,,,,,,,
353,1560,1445888,-2.2994207400000004,926,101.43,-0.015952596440911293,0.038800932,0.9455144666135311,-0.03085292080322688,0.2621826171875,3520,0.002506085970890126,0.2,0.0003,-0.9819698597304523,,
354,1564,1449984,-2.36049716,927,102.5,-0.05285407975316048,0.039681308,0.968584731221199,-0.0314143366231292,0.25791015625,3530,0.0024604463237665186,0.2,0.0003,-1.0061479511670768,,
355,1568,1454080,-2.44764515,927,103.53,-0.05360748991370201,0.039061844,0.9714712798595428,-0.035592761796579,0.268310546875,3540,0.0024591122512902077,0.2,0.0003,-1.0039700931869446,,
356,1572,1458176,-2.42801521,927,102.8,-0.07071623206138611,0.042143077,0.9721776898950338,-0.03715106615491095,0.265185546875,3550,0.002480796767031279,0.2,0.0003,-1.0023938496597111,,
,,1460000,,,,-0.06126825883984566,0.03949479,0.9750273320823908,-0.031612248784222176,0.263330078125,3560,0.002017227573105629,0.2,0.0003,-0.9914217398501932,-1.9897924,93.8
357,1577,1462272,-2.44159357,927,102.7,,,,,,,,,,,,
358,1581,1466368,-2.3671059,927,102.24,-0.05366406589746475,0.036033772,0.970881650224328,-0.03427461798128206,0.2652099609375,3570,0.002250398631895223,0.2,0.0003,-0.9957818258553743,,
359,1585,1470464,-2.43026609,927,102.58,-0.031540337949991226,0.04514843,0.9583884589374065,-0.02954312448418932,0.294091796875,3580,0.0025075491999814402,0.2,0.0003,-1.033007964771241,,
360,1589,1474560,-2.4938590499999997,927,102.33,-0.069850392639637,0.040362336,0.9588133469223976,-0.03589884802058805,0.298095703125,3590,0.0030711823887031643,0.2,0.0003,-1.1829708525910974,,
361,1594,1478656,-2.50561826,927,101.12,-0.06862204521894455,0.04002262,0.9616655595600605,-0.034546378409868336,0.29453125,3600,0.0032754724632468426,0.2,0.0003,-1.1225682544521987,,
,,1480000,,,,-0.07270083576440811,0.041883618,0.9701834637671709,-0.03511688150319969,0.2940185546875,3610,0.00261396008054362,0.2,0.0003,-1.09811389176175,-2.2721107999999997,98.8
362,1598,1482752,-2.4442766,927,99.59,,,,,,,,,,,,
363,1603,1486848,-2.41779465,927,99.79,-0.046718984842300415,0.04375676,0.9652215167880058,-0.03697427501792845,0.2880859375,3620,0.003104524999798741,0.2,0.0003,-1.1029701713472604,,
364,1607,1490944,-2.4473809399999995,927,100.42,-0.022479798644781113,0.04091037,0.9732618238776922,-0.032095724451937716,0.288427734375,3630,0.0026236007513034563,0.2,0.0003,-1.083198379073292,,
365,1611,1495040,-2.45022508,927,99.89,-0.0626005008816719,0.043934643,0.9585618637502193,-0.039916652105603134,0.2974853515625,3640,0.002948124887825543,0.2,0.0003,-1.1191797741688787,,
366,1616,1499136,-2.4210441599999997,927,99.84,-0.04044143483042717,0.03949349,0.9645562432706356,-0.03378043163611437,0.281494140625,3650,0.0028740495943566204,0.2,0.0003,-1.0730541680008172,,
,,1500000,,,,-0.08094805479049683,0.03931973,0.971797788515687,-0.03831886149491766,0.285693359375,3660,0.0023958845844390454,0.2,0.0003,-1.0758908272720873,-2.0309512,93.2
367,1620,1503232,-2.4074702,927,100.45,,,,,,,,,,,,
368,1625,1507328,-2.3941008499999996,927,100.88,-0.05389978736639023,0.037978254,0.954477846622467,-0.03600432623643428,0.2760498046875,3670,0.0034751317938571447,0.2,0.0003,-1.0168146397918463,,
369,1629,1511424,-2.4063951400000003,927,100.6,-0.049653347581624985,0.044735998,0.9411724805831909,-0.03338543102217954,0.2893310546875,3680,0.004350399991926679,0.2,0.0003,-1.0759731848724186,,
370,1633,1515520,-2.3869616,927,101.02,-0.0644763857126236,0.038025916,0.9530688486993313,-0.03410201821534429,0.292822265625,3690,0.003710240967575373,0.2,0.0003,-1.0893547135405242,,
371,1638,1519616,-2.39589813,927,100.52,-0.04021121934056282,0.043574974,0.9646577499806881,-0.03388856512938219,0.293115234375,3700,0.003031074127102329,0.2,0.0003,-1.1012496615760028,,
,,1520000,,,,-0.04216974228620529,0.040750697,0.9578865170478821,-0.033464156429545255,0.2887451171875,3710,0.0032237658272606497,0.2,0.0003,-1.0882071825675665,-2.0398912000000005,92.4
372,1642,1523712,-2.41213881,927,101.86,,,,,,,,,,,,
373,1647,1527808,-2.45697778,927,101.68,-0.04962652176618576,0.038412265,0.9605778343975544,-0.03288419040327426,0.2769287109375,3720,0.002983286732887791,0.2,0.0003,-1.0326490718871355,,
374,1651,1531904,-2.49464461,927,102.02,-0.050110042095184326,0.037706755,0.9560346528887749,-0.03448185928682505,0.28984375,3730,0.0028845231121522375,0.2,0.0003,-1.0647051131352783,,
375,1655,1536000,-2.4798275500000004,927,101.68,-0.07072873413562775,0.047847662,0.962799146771431,-0.03509995119529776,0.3082763671875,3740,0.002803403717280162,0.2,0.0003,-1.0860128231346606,,
,,1540000,,,,-0.061463363468647,0.04987327,0.9648976363241673,-0.033212669481872584,0.2980224609375,3750,0.0026667175552574918,0.2,0.0003,-1.0685218074359,-2.1162826000000003,95.2
376,1660,1540096,-2.43079986,927,101.96,,,,,,,,,,,,
377,1664,1544192,-2.41337061,927,101.71,-0.025868307799100876,0.044842184,0.9569280669093132,-0.034158933306025575,0.2931396484375,3760,0.002813989203514211,0.2,0.0003,-1.041675808187574,,
378,1669,1548288,-2.3968144299999996,927,102.26,-0.06240945681929588,0.04311768,0.961891908198595,-0.03340809452129179,0.2861083984375,3770,0.0025534388693813524,0.2,0.0003,-1.0369627177715302,,
379,1673,1552384,-2.33255699,927,101.97,-0.04431445151567459,0.045694575,0.9532985500991344,-0.03148883810827101,0.282666015625,3780,0.0029557348200796698,0.2,0.0003,-0.9870991269126534,,
380,1677,1556480,-2.33319285,927,101.39,-0.05288558080792427,0.037696403,0.9563523195683956,-0.03193429371531238,0.264453125,3790,0.0029485816579835956,0.2,0.0003,-1.004946906119585,,
,,1560000,,,,-0.07018328458070755,0.03978941,0.9612693078815937,-0.03252252334204968,0.261669921875,3800,0.002806172176497057,0.2,0.0003,-1.007436801213771,-1.9306405999999998,91.0
381,1682,1560576,-2.3542312899999995,927,101.27,,,,,,,,,,,,
382,1686,1564672,-2.34193988,927,101.23,-0.0566997230052948,0.037512686,0.9630281291902065,-0.033008004691509996,0.265576171875,3810,0.0028393788604262225,0.2,0.0003,-0.9767691444605588,,
383,1691,1568768,-2.35209992,927,100.8,-0.04237779974937439,0.035083212,0.9721117857843637,-0.030515664220729377,0.263232421875,3820,0.0023133548880650777,0.2,0.0003,-0.9709815388545394,,
384,1695,1572864,-2.3652257700000003,927,100.55,-0.06858239322900772,0.036508814,0.9712894856929779,-0.03200966589993186,0.270458984375,3830,0.002365368444498017,0.2,0.0003,-0.9624366850592196,,
385,1699,1576960,-2.3715694000000003,927,100.83,-0.04807191342115402,0.043129496,0.9737660773098469,-0.03531658566535043,0.272412109375,3840,0.0021076641205127087,0.2,0.0003,-0.9867367883212864,,
,,1580000,,,,-0.04430054873228073,0.043943986,0.9786878302693367,-0.03288127537816763,0.2742431640625,3850,0.0018336917803026154,0.2,0.0003,-0.978418655693531,-2.1963506,100.8
386,1704,1581056,-2.36369333,927,100.52,,,,,,,,,,,,
387,1709,1585152,-2.4065876999999998,927,101.69,-0.054129354655742645,0.038156494,0.9725842755287886,-0.030035496547498042,0.267041015625,3860,0.0020551463551782946,0.2,0.0003,-0.9645641420036555,,
388,1713,1589248,-2.39116806,927,101.77,-0.06599339842796326,0.037386656,0.9704524390399456,-0.029244524720706978,0.263818359375,3870,0.002442125955803931,0.2,0.0003,-0.9837616438046097,,
389,1717,1593344,-2.41493579,927,101.59,-0.0521741658449173,0.039354265,0.9620089158415794,-0.030689705225086072,0.278564453125,3880,0.0026185673961208523,0.2,0.0003,-0.9564509161747992,,
390,1722,1597440,-2.42941926,927,101.38,-0.06547196209430695,0.039958835,0.9628220796585083,-0.031070406761864434,0.272119140625,3890,0.0023922455694446398,0.2,0.0003,-0.932603816408664,,
,,1600000,,,,-0.062277793884277344,0.041610207,0.9625131189823151,-0.03174959634488914,0.2558837890625,3900,0.002166195335030352,0.2,0.0003,-0.9135376472957433,-1.7220616,84.8
391,1726,1601536,-2.4149267699999997,927,101.83,,,,,,,,,,,,
392,1731,1605632,-2.3947675600000005,927,101.83,-0.06584709882736206,0.036246434,0.9637489356100559,-0.030550489307643147,0.2549072265625,3910,0.0025980818003517926,0.2,0.0003,-0.9142086341045796,,
393,1735,1609728,-2.3936585499999996,927,101.82,-0.03141408413648605,0.041805707,0.9647582210600376,-0.0263430510807666,0.263232421875,3920,0.0026235655261189093,0.2,0.0003,-0.91384757142514,,
394,1739,1613824,-2.41510733,927,101.62,-0.0725744366645813,0.03860911,0.9679276347160339,-0.031240452450947486,0.272021484375,3930,0.002279463039667462,0.2,0.0003,-0.989531354419887,,
395,1744,1617920,-2.3734692099999997,927,100.92,-0.08651077747344971,0.041449048,0.9604577906429768,-0.033873980783755545,0.28037109375,3940,0.0031706398239293777,0.2,0.0003,-1.0081661315634847,,
,,1620000,,,,-0.05267731100320816,0.04015116,0.9631188474595547,-0.031040132159250788,0.270068359375,3950,0.002711229126452963,0.2,0.0003,-0.9887370604090393,-2.105614,89.4
396,1748,1622016,-2.38882803,927,100.48,,,,,,,,,,,,
397,1753,1626112,-2.3537313899999996,927,99.71,-0.08420459926128387,0.039885107,0.9710535313934088,-0.035025413619951,0.2702880859375,3960,0.0027528931995220774,0.2,0.0003,-1.0150067020207643,,
398,1757,1630208,-2.4040612099999996,927,99.71,-0.06114723160862923,0.037816755,0.9536388218402863,-0.0320415906899143,0.2534423828125,3970,0.003111177624487027,0.2,0.0003,-1.0121131114661694,,
399,1761,1634304,-2.3917688200000002,927,100.23,-0.03383458033204079,0.035419047,0.9504632912576199,-0.0320747107398347,0.2674560546875,3980,0.003884164220380626,0.2,0.0003,-1.003455334994942,,
400,1766,1638400,-2.36598607,927,100.47,-0.06779986619949341,0.043003865,0.9532056786119938,-0.028421236973372288,0.2669921875,3990,0.0030225730569327426,0.2,0.0003,-0.9483316527679563,,
,,1640000,,,,-0.05184081569314003,0.040477775,0.9633050039410591,-0.03270579977470334,0.2771240234375,4000,0.003112871245411952,0.2,0.0003,-1.0261357012204826,-2.1531716000000003,100.0
401,1770,1642496,-2.38062881,927,101.09,,,,,,,,,,,,
402,1775,1646592,-2.38831418,927,102.05,-0.0765838623046875,0.040934026,0.9535994343459606,-0.034336144495318875,0.2794677734375,4010,0.0030627487645688233,0.2,0.0003,-1.0202061373740434,,
403,1779,1650688,-2.3676488399999998,927,102.14,-0.06566916406154633,0.047473334,0.9597361087799072,-0.0332112498137576,0.2876708984375,4020,0.002274475715785229,0.2,0.0003,-1.0109406537376344,,
404,1783,1654784,-2.3544037799999997,927,101.08,-0.07628266513347626,0.044739865,0.9534719325602055,-0.03481613272815594,0.289111328125,4030,0.003712492926933919,0.2,0.0003,-1.0386577332392335,,
405,1787,1658880,-2.38542941,927,100.88,-0.06145598366856575,0.040357772,0.9590364210307598,-0.03359383198658179,0.277587890625,4040,0.0028984298969589872,0.2,0.0003,-1.0307041320949792,,
,,1660000,,,,-0.06793833523988724,0.040731106,0.9655363373458385,-0.033384030905290275,0.2837158203125,4050,0.002895510445068794,0.2,0.0003,-1.0286173534579575,-2.4323756,102.2
406,1792,1662976,-2.44169104,927,101.78,,,,,,,,,,,,
407,1797,1667072,-2.4656635799999997,927,102.52,-0.07716581225395203,0.041667067,0.9636595286428928,-0.03232082858812646,0.2834228515625,4060,0.002362570742116077,0.2,0.0003,-1.0469631462357938,,
408,1801,1671168,-2.46161464,927,102.67,-0.0677095502614975,0.041981876,0.9644564166665077,-0.034851280884322475,0.2787841796875,4070,0.0033528986147757676,0.2,0.0003,-1.0281299881637096,,
409,1805,1675264,-2.4222002,927,101.52,-0.051315806806087494,0.035183247,0.9643816947937012,-0.029455728888206068,0.2615234375,4080,0.0030764289051148806,0.2,0.0003,-1.0193196058273315,,
410,1810,1679360,-2.36345825,927,99.89,-0.06833497434854507,0.041468848,0.9655818156898022,-0.028010444630490385,0.2745849609375,4090,0.0027691702012816676,0.2,0.0003,-0.9966422581113875,,
,,1680000,,,,-0.04533904045820236,0.04665971,0.9647023044526577,-0.03435683669522405,0.2917724609375,4100,0.002293014361475798,0.2,0.0003,-1.0382105824537575,-2.1564594,94.0
411,1815,1683456,-2.3360649899999997,927,100.23,,,,,,,,,,,,
412,1819,1687552,-2.3982029899999997,927,101.77,-0.06565998494625092,0.041729063,0.9611822254955769,-0.0346467338167713,0.2806396484375,4110,0.003467584851568972,0.2,0.0003,-1.0335223148576915,,
413,1823,1691648,-2.42743098,927,101.08,-0.05848436430096626,0.040932998,0.966296061873436,-0.035978366978088164,0.2846435546875,4120,0.0026929461579129565,0.2,0.0003,-1.0728593366220593,,
414,1828,1695744,-2.41630113,927,101.24,-0.042422182857990265,0.04218526,0.9680849052965641,-0.0354459728619986,0.289306640625,4130,0.002831544131277042,0.2,0.0003,-1.0404456464573741,,
415,1832,1699840,-2.41799901,927,100.21,-0.0494811050593853,0.043063313,0.9717726707458496,-0.03293636763846734,0.2803466796875,4140,0.002813424628220673,0.2,0.0003,-1.028170097246766,,
,,1700000,,,,-0.07139625400304794,0.04089731,0.9577570147812366,-0.030712815062724986,0.2869140625,4150,0.0035341941463229885,0.2,0.0003,-1.0209727551788093,-1.6662688000000003,94.8
416,1837,1703936,-2.3958856899999996,927,100.98,,,,,,,,,,,,
417,1841,1708032,-2.3965402200000003,927,100.85,-0.06672852486371994,0.03754661,0.9563422836363316,-0.03107188106805552,0.2843017578125,4160,0.0029246123273878764,0.2,0.0003,-1.0214464333839715,,
418,1845,1712128,-2.37113192,927,100.41,-0.045435238629579544,0.03952881,0.9501355774700642,-0.03190101818709081,0.2805908203125,4170,0.0035093291708108154,0.2,0.0003,-1.0355606253258884,,
419,1850,1716224,-2.42658025,927,101.02,-0.06487832963466644,0.04181433,0.9593429788947105,-0.03281013434316264,0.265625,4180,0.00322876829714005,0.2,0.0003,-1.015766145568341,,
,,1720000,,,,-0.04242699593305588,0.041273966,0.9678016118705273,-0.03380146906783921,0.2808837890625,4190,0.0025041542779945304,0.2,0.0003,-1.015479080285877,-2.121213,92.2
420,1854,1720320,-2.4374862599999996,927,101.19,,,,,,,,,,,,
421,1859,1724416,-2.4251471300000005,927,101.01,-0.047563716769218445,0.039681103,0.9650759026408195,-0.030962058666591474,0.264306640625,4200,0.003632294052385987,0.2,0.0003,-1.0052747975103558,,
422,1863,1728512,-2.4187472399999996,927,102.28,-0.05104215443134308,0.041530147,0.955703217536211,-0.034185920645541046,0.287841796875,4210,0.00386868101240907,0.2,0.0003,-1.027285872027278,,
423,1867,1732608,-2.4163198500000003,927,100.82,-0.07040456682443619,0.044045534,0.9559814631938934,-0.03651423757328302,0.2875244140625,4220,0.0037914441950306355,0.2,0.0003,-1.0508239646442235,,
424,1871,1736704,-2.3676685,927,100.3,-0.06215626001358032,0.042638995,0.9566258229315281,-0.034783353674720276,0.2743408203125,4230,0.0038714668777174665,0.2,0.0003,-0.9899121636524797,,
,,1740000,,,,-0.0648321807384491,0.042861648,0.9619814194738865,-0.03219517738689319,0.287744140625,4240,0.003331674561559339,0.2,0.0003,-1.00871740328148,-1.8989471999999998,91.0
425,1876,1740800,-2.39161671,927,100.85,,,,,,,,,,,,
426,1881,1744896,-2.35258967,927,100.01,-0.047925662249326706,0.041784048,0.9668990448117256,-0.03311312942387303,0.26962890625,4250,0.0028667458911513675,0.2,0.0003,-0.9930845935828984,,
427,1885,1748992,-2.38457141,927,100.55,-0.07071810960769653,0.041927706,0.9636651091277599,-0.03349430614034645,0.27666015625,4260,0.002841655412248656,0.2,0.0003,-0.9495859262533486,,
428,1889,1753088,-2.39039537,927,101.41,-0.06362835317850113,0.042703852,0.9706274177879095,-0.0354683157744148,0.2857666015625,4270,0.0021709287905650855,0.2,0.0003,-0.9662149468436837,,
429,1893,1757184,-2.4528340200000005,927,103.06,-0.046123333275318146,0.040485818,0.959565456956625,-0.0306112250278602,0.2670654296875,4280,0.0026785700521486434,0.2,0.0003,-0.9288923104293645,,
,,1760000,,,,-0.0633527860045433,0.041143566,0.9573886431753635,-0.030408494725998027,0.266552734375,4290,0.0031894605356683316,0.2,0.0003,-0.9779956677928567,-1.7005702,89.6
430,1898,1761280,-2.42653255,927,102.6,,,,,,,,,,,,
431,1903,1765376,-2.40219153,927,101.76,-0.06034018471837044,0.039956726,0.9651027582585812,-0.027400407541790628,0.2749755859375,4300,0.00247000937406483,0.2,0.0003,-0.940350795444101,,
432,1907,1769472,-2.35982595,927,100.22,-0.06387428939342499,0.040855218,0.9551792219281197,-0.029743787257757504,0.2779541015625,4310,0.002941465271032939,0.2,0.0003,-0.9346066405065357,,
433,1911,1773568,-2.37952189,927,100.99,-0.06156750023365021,0.042083852,0.9577081277966499,-0.03234418179199565,0.27294921875,4320,0.002846431791749637,0.2,0.0003,-0.9369389365427196,,
434,1915,1777664,-2.36372327,927,100.2,-0.04929090663790703,0.043132342,0.9619828499853611,-0.03171680946470588,0.2775634765625,4330,0.0025283508080065076,0.2,0.0003,-0.9216849259100854,,
,,1780000,,,,-0.07266725599765778,0.03585369,0.9656805209815502,-0.03163782543197158,0.25625,4340,0.0028878216120574508,0.2,0.0003,-0.901664653327316,-2.222364,92.2
435,1920,1781760,-2.34959148,927,99.92,,,,,,,,,,,,
436,1924,1785856,-2.38180216,927,101.04,-0.056531451642513275,0.040755067,0.957015473395586,-0.03341046251880471,0.26650390625,4350,0.003402579199428146,0.2,0.0003,-0.9191016549244523,,
437,1929,1789952,-2.38267366,927,101.53,-0.06774614751338959,0.045757443,0.957225076854229,-0.03342709840944735,0.2763671875,4360,0.0035508519268660165,0.2,0.0003,-0.9136546951718628,,
438,1933,1794048,-2.35366241,927,101.82,-0.05931191146373749,0.041281004,0.966844130307436,-0.03186952243777341,0.271923828125,4370,0.0027878395150764844,0.2,0.0003,-0.9453528707846999,,
439,1937,1798144,-2.32235159,928,100.48,-0.019633658230304718,0.039687365,0.9597181603312492,-0.03015007581343525,0.2678466796875,4380,0.00300410786012435,0.2,0.0003,-0.9333989836275578,,
,,1800000,,,,-0.05608464777469635,0.041379217,0.9672429226338863,-0.032339372680871746,0.273291015625,4390,0.0027163707353793144,0.2,0.0003,-0.964121695049107,-1.8999592,96.4
440,1942,1802240,-2.30960619,927,99.46,,,,,,,,,,,,
441,1946,1806336,-2.35277417,927,101.11,-0.05001462996006012,0.04241174,0.9646517895162106,-0.032681048835002,0.2734130859375,4400,0.002866521583109716,0.2,0.0003,-0.9462921241298318,,
442,1950,1810432,-2.31096868,928,101.02,-0.04688253998756409,0.043769293,0.9641572870314121,-0.03296455671588774,0.2827880859375,4410,0.0028172572754556315,0.2,0.0003,-0.9648050541058183,,
443,1954,1814528,-2.3523001499999996,928,101.06,-0.04733589291572571,0.044561498,0.966042447835207,-0.03168877394309675,0.2808837890625,4420,0.002665030047955952,0.2,0.0003,-0.9770185429602861,,
444,1959,1818624,-2.3344978400000005,928,101.47,-0.05409035086631775,0.040935088,0.9608687311410904,-0.031136911549037905,0.271142578125,4430,0.0028037144983500185,0.2,0.0003,-0.9581302357837558,,
,,1820000,,,,-0.030233627185225487,0.03952907,0.9714957308024168,-0.02954619439187809,0.2680908203125,4440,0.00231317719708386,0.2,0.0003,-0.9852337303571403,-2.1674636000000005,96.0
445,1963,1822720,-2.36346211,928,101.69,,,,,,,,,,,,
446,1968,1826816,-2.36167375,928,101.28,-0.045692723244428635,0.039117683,0.9545215331017971,-0.028659033289295623,0.2468505859375,4450,0.003281810055432288,0.2,0.0003,-0.9735952455550432,,
447,1972,1830912,-2.3750226700000003,928,102.08,-0.05611265450716019,0.04053073,0.9580220319330692,-0.030558899739480692,0.2592041015625,4460,0.002743161266789684,0.2,0.0003,-0.9899167352356016,,
448,1976,1835008,-2.39093922,928,102.17,-0.05092904344201088,0.03949167,0.976072994992137,-0.032505718704487666,0.2620361328125,4470,0.002208124655771826,0.2,0.0003,-0.978043343219906,,
449,1981,1839104,-2.3817478599999995,928,102.14,-0.06141014024615288,0.038037747,0.9593446962535381,-0.02887313369374169,0.262548828125,4480,0.0030906204851817165,0.2,0.0003,-0.995441528968513,,
,,1840000,,,,-0.04760143533349037,0.037033353,0.9652324803173542,-0.030435669768121443,0.26455078125,4490,0.002838341318329185,0.2,0.0003,-0.9806718372739851,-1.8836479999999998,93.2
450,1985,1843200,-2.3956579099999997,928,101.35,,,,,,,,,,,,
451,1990,1847296,-2.40857511,928,101.25,-0.05582747235894203,0.041679658,0.9725717306137085,-0.033599418408994094,0.278955078125,4500,0.002409635616459127,0.2,0.0003,-0.9838962337933481,,
452,1994,1851392,-2.40435831,928,102.07,-0.028336474671959877,0.039047293,0.9655232056975365,-0.02942765232619422,0.253125,4510,0.0028858234605650067,0.2,0.0003,-0.9411615424789488,,
453,1998,1855488,-2.39130642,928,102.65,-0.013678641058504581,0.04217915,0.9571200497448444,-0.0329230207920773,0.275927734375,4520,0.003417998147779144,0.2,0.0003,-1.0027696765959262,,
454,2003,1859584,-2.3372017799999996,928,101.09,-0.05435260012745857,0.037696287,0.9632024727761745,-0.0285977576924779,0.274072265625,4530,0.002812332723169675,0.2,0.0003,-1.0118168411776423,,
,,1860000,,,,-0.04980311542749405,0.040839482,0.9519833214581013,-0.031154884663556003,0.2669921875,4540,0.00351902895645253,0.2,0.0003,-0.9985714401118457,-1.6271032,99.4
455,2008,1863680,-2.32735717,928,101.01,,,,,,,,,,,,
456,2012,1867776,-2.37296983,928,101.89,-0.04005798324942589,0.042334177,0.955145176500082,-0.034204456314182605,0.2817626953125,4550,0.0033033080485438404,0.2,0.0003,-1.016745943389833,,
457,2016,1871872,-2.3408823500000002,928,101.0,-0.05726787447929382,0.045784082,0.9587080217897892,-0.03210839486346231,0.2788330078125,4560,0.003940633563979645,0.2,0.0003,-0.9969897905364633,,
458,2021,1875968,-2.31922919,928,101.65,-0.0674247145652771,0.04196296,0.9577662013471127,-0.033092284288431986,0.2679443359375,4570,0.003179761963474448,0.2,0.0003,-0.9855863026343286,,
,,1880000,,,,-0.07743263244628906,0.04244004,0.9660519547760487,-0.031057708596563316,0.2780517578125,4580,0.0032594381435046673,0.2,0.0003,-1.0113140842877328,-1.9170621999999997,95.2
459,2025,1880064,-2.31923518,928,101.41,,,,,,,,,,,,
460,2030,1884160,-2.33634998,928,101.62,-0.07705166190862656,0.03983534,0.9551809802651405,-0.03147568976673938,0.2812255859375,4590,0.003220848523415043,0.2,0.0003,-1.035989592783153,,
461,2034,1888256,-2.3577419899999996,928,101.43,-0.06490124762058258,0.04609487,0.9629742428660393,-0.029417731253488455,0.2820068359375,4600,0.0030411155044930637,0.2,0.0003,-0.976201556995511,,
462,2038,1892352,-2.4068308199999997,928,102.02,-0.07025813311338425,0.037970804,0.9674940519034863,-0.032603796973853606,0.275927734375,4610,0.0030141599095259153,0.2,0.0003,-0.9593118228018284,,
463,2042,1896448,-2.42761125,928,101.18,-0.03144564479589462,0.04324562,0.9616052396595478,-0.033818304662418086,0.2635498046875,4620,0.002833796640061337,0.2,0.0003,-0.9458999488502741,,
,,1900000,,,,-0.0476984828710556,0.039630648,0.9589276984333992,-0.033389009704842466,0.2544189453125,4630,0.0033670467499177905,0.2,0.0003,-0.936539142485708,-1.5858774,86.6
464,2047,1900544,-2.3323552000000003,928,99.85,,,,,,,,,,,,
465,2052,1904640,-2.33040867,928,99.96,-0.023774435743689537,0.04406909,0.954812403768301,-0.03073687923242687,0.26572265625,4640,0.003552030518585525,0.2,0.0003,-0.9281984502449632,,
466,2056,1908736,-2.34004709,928,101.05,-0.07032420486211777,0.043529958,0.9637146294116974,-0.03446536808041856,0.2779052734375,4650,0.0032314361884346,0.2,0.0003,-0.9632709234952926,,
467,2060,1912832,-2.3412071300000004,928,101.84,-0.04392332583665848,0.038989875,0.9712581932544708,-0.032065417307603636,0.27001953125,4660,0.0029600645038044605,0.2,0.0003,-0.9663632485084236,,
468,2065,1916928,-2.35018675,928,101.43,-0.05805560201406479,0.0404155,0.9645600579679012,-0.03163521401984326,0.2701416015625,4670,0.0031189037613330584,0.2,0.0003,-0.945259204134345,,
,,1920000,,,,-0.055671196430921555,0.038538314,0.9673048779368401,-0.03370527563747601,0.26220703125,4680,0.002590861351836793,0.2,0.0003,-0.9564223068766295,-1.7230426,87.8
469,2069,1921024,-2.35307755,928,101.33,,,,,,,,,,,,
470,2073,1925120,-2.32497702,928,100.93,-0.05829919874668121,0.04188928,0.9580684937536716,-0.031179407853778686,0.2656005859375,4690,0.0033138415154098768,0.2,0.0003,-0.9620211707428098,,
471,2078,1929216,-2.3291252200000003,928,102.02,-0.054408155381679535,0.041438002,0.9499007649719715,-0.026878131387638858,0.2737548828125,4700,0.0032213508590757554,0.2,0.0003,-0.9578487467952073,,
472,2082,1933312,-2.363171,928,102.38,-0.0435224287211895,0.044568524,0.9682059474289417,-0.029485015472891972,0.2771240234375,4710,0.0027720043999579502,0.2,0.0003,-0.9513315204530954,,
473,2086,1937408,-2.3837456400000003,928,102.43,-0.057712722569704056,0.038014375,0.9593565426766872,-0.031181566573650343,0.2648193359375,4720,0.003450181017979048,0.2,0.0003,-0.9666810915805399,,
,,1940000,,,,-0.035002801567316055,0.040552676,0.9644680097699165,-0.030038280607550406,0.2613525390625,4730,0.0031403029133798555,0.2,0.0003,-0.9046265803277492,-1.7966730000000002,88.0
474,2091,1941504,-2.31508348,928,100.53,,,,,,,,,,,,
475,2095,1945600,-2.30401342,928,101.24,-0.056710366159677505,0.041935895,0.9654712006449699,-0.031538538222230274,0.2725830078125,4740,0.0026449591148775655,0.2,0.0003,-0.9155624533072114,,
476,2100,1949696,-2.31728141,928,101.75,-0.03844984248280525,0.039308466,0.9598949886858463,-0.02903808225673856,0.264599609375,4750,0.003694644717143092,0.2,0.0003,-0.9307514639571309,,
477,2104,1953792,-2.30819953,928,102.08,-0.04729825630784035,0.039487846,0.9636211320757866,-0.030669012248836225,0.2619140625,4760,0.003271111137019034,0.2,0.0003,-0.9271216006018221,,
478,2108,1957888,-2.33896591,928,102.91,-0.028671439737081528,0.039631534,0.9672003649175167,-0.027546673403412568,0.2556640625,4770,0.0028815864703574333,0.2,0.0003,-0.8960646886378527,,
,,1960000,,,,-0.017109693959355354,0.041518345,0.9640221931040287,-0.026793741054279962,0.2676513671875,4780,0.002741857635010092,0.2,0.0003,-0.9318254402838647,-1.7901102000000002,90.0
479,2113,1961984,-2.3247584399999996,928,102.47,,,,,,,,,,,,
480,2117,1966080,-2.3553104200000003,928,101.82,-0.04533718526363373,0.042529494,0.9628741629421711,-0.02996162645504228,0.2610595703125,4790,0.0027148845386363975,0.2,0.0003,-0.9280225191265344,,
481,2122,1970176,-2.34319482,928,101.66,-0.03321297466754913,0.042182185,0.9626150541007519,-0.02898726850253297,0.268115234375,4800,0.0031774969971593236,0.2,0.0003,-0.891390876378864,,
482,2126,1974272,-2.33204113,928,101.13,-0.05733950808644295,0.043200217,0.9708022512495518,-0.02995441623861552,0.255908203125,4810,0.0027522199351551536,0.2,0.0003,-0.8794005627743899,,
483,2130,1978368,-2.33527746,928,101.14,-0.05971748009324074,0.04149977,0.9691793043166399,-0.029760627885116263,0.2587646484375,4820,0.002608737756327173,0.2,0.0003,-0.885840499587357,,
,,1980000,,,,-0.04968344047665596,0.044059016,0.9730772953480482,-0.03327463575114962,0.2711181640625,4830,0.0019170572361872473,0.2,0.0003,-0.9271662413142622,-1.9752788,94.0
484,2135,1982464,-2.3110060900000002,928,101.05,,,,,,,,,,,,
485,2139,1986560,-2.32059059,928,101.01,-0.06436864286661148,0.040354334,0.9637662544846535,-0.029558829485904426,0.2672607421875,4840,0.0026633111959199597,0.2,0.0003,-0.9349521041847766,,
486,2144,1990656,-2.33750762,928,101.59,-0.07842849940061569,0.038803626,0.9667449183762074,-0.02794023708847817,0.2559814453125,4850,0.002167859173277975,0.2,0.0003,-0.9369680069386959,,
487,2148,1994752,-2.3238557999999996,928,102.16,-0.0423910953104496,0.043513052,0.9641082510352135,-0.02809946397683234,0.2705322265625,4860,0.0024737567682677764,0.2,0.0003,-0.930268491152674,,
488,2152,1998848,-2.31453344,928,101.64,-0.060262810438871384,0.042078152,0.9713648017495871,-0.0289983052694879,0.26220703125,4870,0.00265930759769617,0.2,0.0003,-0.9164705264382065,,
,,2000000,,,,-0.06797422468662262,0.042894326,0.9744398612529039,-0.03459609847814136,0.26123046875,4880,0.0021391809093074697,0.2,0.0003,-0.9227701831609011,-1.9953154000000002,92.8
489,2157,2002944,-2.3353269300000004,928,101.49,,,,,,,,,,,,
